unique_review_id,category,review_id,original_overall,verified,reviewerID,asin,reviewText,summary,unixReviewTime,Predicted Rating,Feature Usage,Interaction Time,Context Experience,Efficiency,Excellence,Status,Esteem,Play,Aesthetics,Ethics,Spirituality,Clarity of Sentiment
0,All Beauty,0,5,TRUE,A5TA1NJOC0PJ5,7414204790,excellent good,five star,1457568000,4.01773526,n/a,n/a,n/a,n/a,n/a,n/a,n/a,n/a,n/a,n/a,n/a,1.848658788
1,All Beauty,2,5,TRUE,A80M2286B7STE,7414204790,magical,five star,1412294400,4.145002273,n/a,n/a,n/a,n/a,n/a,n/a,n/a,n/a,n/a,n/a,1,1.064600898
2,All Beauty,1,5,TRUE,A1TJICB7VLGQKL,7414204790,great product,five star,1441065600,4.875724638,n/a,n/a,n/a,n/a,3.552943442,n/a,n/a,n/a,n/a,n/a,n/a,1.767921182
3,All Beauty,3,5,TRUE,A2TM2MAA8IT34U,7414204790,excellent,five star,1407369600,4.066000185,n/a,n/a,n/a,n/a,n/a,n/a,n/a,n/a,n/a,n/a,n/a,1.195073143
4,All Beauty,4,4,TRUE,AQGWT465GTEJG,7414204790,like product lot bought india cost since easily available look amazon charged double,pricey,1402704000,3.799373307,n/a,n/a,2.138888889,2.616254733,n/a,n/a,n/a,n/a,n/a,n/a,n/a,3.464172314
5,All Beauty,5,5,FALSE,A2BGZ52M908MJY,B000050FDN,braun pioneer leader well norelco electronic shaver shaver give extremely close shave several year used one norelco shaver three round head never knew better switch braun realize much closer shave pivoting head adjusts face contour much better norelco sorta clunky big also trimmer mustache sideburn great stubble grown long want trim back little hair get baby face glad,braun,981504000,3.747916334,4.787318841,3.36234472,4,4.401522187,4.161141246,n/a,n/a,n/a,n/a,n/a,n/a,4.994886737
6,All Beauty,6,5,FALSE,A3KJGIQPT106B1,B000050FDP,reading review site review electric razor choose braun rated high price half leading razor also crossed check price retailer le expensive shipped one day sooner tough beard grows fast coupled tender face remington first razor allow use electric shaver make day without looking like beatnik however year screen impossible find time new shaver new braun came advertised charged first time hour versus old charged low charge light handy ability charge dead razor shave minute great advantage found past preshave liquid improves closeness shave true braun well third day face adjusted shaver getting closest shave ever skin irritation shaver also great job neck hair occasional long hair one significant reason selected razor changing screen cutter month old required screen replacement every month save month period selecting razor sure pay attention liquid purchase regular basis us floating head switchable lock head hard area like nose found still get best shave moving hand grain hair run shaver want shave grain required old indicative foil razor required rotary shaver research read indicates foil provides closer shave happy razor work great,tough beard sensitive face problem,1003795200,4.066000185,3.593807642,3.164380607,2.638888889,4.103352528,3.367358241,n/a,n/a,n/a,3.537584153,n/a,n/a,3.585059222
7,All Beauty,7,5,TRUE,A2H1U4E1KX4PJH,B000050FDP,braun best electric shaver made tried remington junk get excellent smooth shave good razor blade recommend braun men using razor blade never use razor blade,braun shaver best,1001980800,3.817586489,2.860196687,2.135969888,2.138888889,3.720883971,4.76243382,n/a,n/a,n/a,n/a,n/a,n/a,3.913123989
8,All Beauty,8,5,FALSE,A3E05NCMJ1UXD,B000050FDP,men say way get rid neck hair rotary razor true get excellent thorough shave every mourning tried rest braun best one charge seeems last forever take camping week problem,nothing like braun,988156800,3.947285982,4.023723257,3.880070171,2.166666667,3.852062891,3.894022664,n/a,n/a,n/a,n/a,n/a,n/a,3.664450089
9,All Beauty,9,5,FALSE,A3RVIXD86WUT1E,B000050FDP,talk smooth shave blade close enough face remove stubble give close shave guard block possibility discomfort face highly recommend shaver best ever used,shaver rock,973987200,3.747813225,4.415811267,2.56553579,2.027777778,3.881086901,3.823671067,n/a,n/a,n/a,n/a,n/a,n/a,3.567633782
10,All Beauty,10,5,TRUE,ARWXRF72D1RJK,B000052YD8,work well good freshness,good freshness,1436486400,4.008862815,n/a,n/a,n/a,3.150027376,n/a,n/a,n/a,n/a,n/a,n/a,n/a,3.085492755
11,All Beauty,11,4,TRUE,A12SCRPR2B2WQM,B000052YD8,good little expensive,four star,1422576000,3.947285982,n/a,n/a,n/a,3.292981057,n/a,n/a,n/a,n/a,n/a,n/a,n/a,2.293088071
12,All Beauty,12,5,TRUE,AAV5IVZ1RNQU1,B000052YD8,always enjoyed scope mint mouthwash fact minute ago awakened long nap leaf fresh taste mouth,scope mint mouthwash always great,1418947200,3.978171625,4.001778656,3.971914318,1.444444444,3.657038951,n/a,n/a,n/a,n/a,4.081528204,n/a,n/a,3.145827804
13,All Beauty,13,5,TRUE,AG39SI9QWXPVH,B000052YD8,liked,five star,1410393600,3.563240669,n/a,n/a,n/a,n/a,n/a,n/a,n/a,n/a,3.317317764,n/a,n/a,2.019067952
14,All Beauty,14,3,FALSE,A1ZAIEZHFLI9UN,B000052YD8,scope alright freshening breath could using product help fight cavity rebuilds enamel remove plaque prevents gingivitis using scope year casual research doctor recommended act give teeth fighting edge cavity found listerine act killed bad breath like scope also much also learned scope american dental association recommended form listerine act scope get breath fresh fast could much oral health every time swished,ada approved better,1309478400,3.817586489,3.650304285,5,4,2.583811421,3.355101522,n/a,n/a,n/a,n/a,n/a,n/a,3.165576014
15,All Beauty,15,4,FALSE,A1NKE5OYRM326V,B000052YD8,man ca believe actually reading review mouthwash earth mean honestly man stuff planet probably longer alive really lay awake wondering one best guess grateful using please let give piece advice chick hate bad breath thing overdoing brand work reasonably well trust ok since actually looking complete stranger opinion mouthwash favor tell work first take oz bottle scope yes must know scope best tasting least drink least half know little painful chug get fast go somewhere lot room twist hard much scope get around gastrointestinal system see bad breath start nip bud way know get two us bottle breath smell great good luck reading review mouthwash good grief,dude mouthwash heck else need know,1205798400,4.026437098,n/a,n/a,n/a,n/a,n/a,n/a,n/a,n/a,n/a,n/a,n/a,1.401356301
16,All Beauty,16,4,TRUE,ADMWYMH11LD27,B0000530ND,feel moisturizes lot better suave brand moisturizers put bottle size also good price although expensive le effective suave brand moisturizers nice though slight aroma well compliment ives apricot scrub product well,moisturizing large bottle good price,1082851200,3.817586489,3.125879917,2.033055902,3,3.600554603,3.947816698,n/a,n/a,n/a,3.243013218,n/a,n/a,3.988098304
17,All Beauty,17,5,TRUE,A1YWSN8E4QN19,B000052YMO,heard creme oz show dermatologist talking danger pedicure cream softens smooth rough skin heel foot look better professional pedicure done wonderful product,carmol carbamide moisture formula,1281830400,3.947285982,3.917236025,2.266755165,3,3.273579829,3.623280149,n/a,3.027777778,n/a,n/a,n/a,n/a,3.184657124
18,All Beauty,18,5,TRUE,A2SNQ6IQOKWJ6O,B000052YMO,go lightly nongreasy nontacky evaporates away quickly pleasant scent improved appearance heel knee elbow within week,lightly moisturizing deep treatment,1276992000,3.930557484,4.495151829,2.328708051,n/a,3.738792356,3.547778901,n/a,n/a,n/a,3.298199829,n/a,n/a,3.21050718
19,All Beauty,19,4,TRUE,A2427BCGOUDZ3,B000052YMO,use stuff grandaughter pharmacy want covered insurance mush beeter priced amazon,carmol cream,1269820800,4.017647232,n/a,n/a,1.888888889,3.486490611,n/a,n/a,n/a,n/a,n/a,n/a,n/a,3.209870709
20,AMAZON FASHION,0,5,TRUE,A1D4G1SNUZWQOT,7106116521,exactly needed,perfect replacement,1413763200,4.134477558,n/a,n/a,n/a,n/a,n/a,n/a,n/a,n/a,n/a,n/a,n/a,2.173397695
21,AMAZON FASHION,1,2,TRUE,A3DDWDH9PX2YX2,7106116521,agree review opening small almost bent hook expensive earring trying get higher end seen would buy price sending back,agree review opening,1411862400,3.990773425,2.998057644,1.979757238,n/a,1.795331032,n/a,n/a,n/a,n/a,n/a,n/a,n/a,3.691025806
22,AMAZON FASHION,2,4,FALSE,A2MWC41EW7XL15,7106116521,love going order another pack keep work someone including always losing back earring understand fish hook earring wish tiny bit longer,new,1408924800,3.204463077,n/a,n/a,n/a,3.588473903,n/a,n/a,n/a,n/a,n/a,n/a,n/a,2.895217877
23,AMAZON FASHION,3,2,TRUE,A2UH2QQ275NV45,7106116521,tiny opening,two star,1408838400,4.078983292,n/a,n/a,n/a,2.059396375,n/a,n/a,n/a,n/a,n/a,n/a,n/a,1.987033352
24,AMAZON FASHION,4,3,FALSE,A89F3LQADZBS5,7106116521,okay,three star,1406419200,3.888494424,n/a,n/a,n/a,n/a,n/a,n/a,n/a,n/a,n/a,n/a,n/a,1.061210628
25,AMAZON FASHION,5,5,TRUE,A29HLOUW0NS0EH,7106116521,exactly wanted,five star,1405728000,4.108816987,n/a,n/a,n/a,n/a,n/a,n/a,n/a,n/a,n/a,n/a,n/a,1.95075027
26,AMAZON FASHION,6,4,TRUE,A7QS961ROI6E0,7106116521,little plastic back work great loosing hook earring wish ordered sooner lost favorite earring,work great,1401494400,3.978171625,3.088198758,1.859522282,1.972222222,4.424637681,n/a,n/a,n/a,n/a,n/a,n/a,n/a,3.540285286
27,AMAZON FASHION,7,5,TRUE,ARAVM3XQU7OYZ,B0000AWXMM,item came day perfect condition nice ring shiny smooth nice impressed,happy,1146096000,4.024151863,n/a,n/a,n/a,3.302141855,4.241772549,n/a,n/a,n/a,3.430569513,n/a,n/a,3.421219822
28,AMAZON FASHION,8,5,TRUE,AWYQE0Z9WLATR,B0000AWXMM,ring well worth price lovely shine fit true size light thin ring want something heavy thicker consistency metal may said well worth price pleased,affordable classy ring,1141862400,4.062698627,3.709575569,1.772381216,n/a,3.873606898,3.879164767,n/a,n/a,n/a,n/a,n/a,n/a,3.882050681
29,AMAZON FASHION,9,5,FALSE,A3JGLFGCB7KZQX,B0000AWXMM,exactly described beautiful ring perfect fit classy finish know would probably paid double price attempted purchase similar jewelry store,beautiful ring regret whatsoever,1141257600,3.400053935,3.066794704,n/a,2.111111111,3.625513461,n/a,n/a,n/a,n/a,3.383668567,n/a,n/a,3.84401302
30,AMAZON FASHION,10,4,FALSE,A179HMPWBPTJ2I,B0000AWXMM,nice ring simple elegant price quite reasonable compared store searched reccomend ring wedding ring young couple starting would great college student budget,white gold ring,1124668800,4.648951109,n/a,n/a,2.388888889,4.295042349,4.098339668,n/a,n/a,n/a,3.559284626,n/a,n/a,3.541995732
31,AMAZON FASHION,11,5,FALSE,A1LZHPFUUE6ALJ,B0000AWXMM,beautiful ring shiny classy boyfriend love wearing,loved,1122854400,3.765244622,2.988710082,n/a,n/a,n/a,4.253008485,3.055072464,n/a,n/a,n/a,n/a,n/a,3.746348196
32,AMAZON FASHION,12,5,TRUE,A2FC8YH13MN4FH,B0000AWX3V,first saw offer last year could believe genuine used paying pair wool sock arrived still found hard believe excellent quality sock held well heavy use lot washing three pair serving well alongside far expensive hard imagine someone getting excited pair sock worth getting excited agree color gray would help stretch sock wardrobe price ai complainin,wool sock pair,1095552000,4.183674777,4.909937888,3.893961353,4,4.333821429,4.195489484,n/a,n/a,n/a,2.549435499,n/a,n/a,4.993529034
33,AMAZON FASHION,13,5,FALSE,A3QSX84RFO73SO,B0000AWX3V,sock seem like strange kind thing write review sock special placed order friend mine run soup kitchen poplar bluff missouri order pair sock probably seemed pretty strange people sportsman guide sent anyway think much got joni lady poplar bluff sock arrived told would think sock made gold way people free store responded never seen sock soft thick warm never even heard wool sock think twice wool sock love gave real pause think people never even heard wonderful thing people could believe someone would give something good yes good thinking buying get extra pair two give someone need education promise gift reward many time experience gratitude small thing evoke,sock golden,1075334400,4.498394013,3.012111801,1.462953616,2.861111111,n/a,3.95442474,n/a,n/a,n/a,n/a,n/a,n/a,3.37372451
34,AMAZON FASHION,14,5,FALSE,A2QJ2F42W4WB90,B0000AWX3V,ordered sock mother birthday absolutely love thick warm perfect cold indiana winter thank,momma happy,1072742400,4.024143425,2.83953824,1.710542969,n/a,4.062791084,4.046865736,n/a,n/a,n/a,4.191032294,n/a,n/a,3.493358419
35,AMAZON FASHION,15,3,FALSE,A3W0O58YV8UY2D,B0000AWX3V,like thickness sock know warm enough anything snow offer would really like sock came variety color grey exciting color however long warm care excitement,thick winter warmth,1069200000,4.032978153,n/a,n/a,n/a,3.346943932,3.439874014,n/a,n/a,n/a,3.224681221,n/a,n/a,3.500776405
36,AMAZON FASHION,16,5,TRUE,A20XJOQ1UAIGS6,B00015VKT4,first review say year ago developed allergy nickle earring necklace belt buckle button bracelet stopped wearing jewelry tape belt buckle metal contact skin diagnosed severely allergic doc allergy skin test year ago got ear repierced daughter could fun wearing jewelry tried every kind hypo allergenic earring could find studex sterling silver surgical steel gold allergic reaction worn even hour studex ear pierced worst bleeding red itchy swollen earlobe week heal time wore earring searched amazon hour find research work promised force hole partially closed initial healing week wearing problem first really wonderful get size bit small main earring get next size thank,irritation severe nickle allergy sufferer,1275609600,4.498394013,3.017799109,5,1.694444444,4.207349434,3.461935853,n/a,n/a,n/a,3.736031522,n/a,n/a,3.251719335
37,AMAZON FASHION,17,5,TRUE,A1SET3T90T5HM1,B00015VKT4,refreshing wear earring make earlobe swell ear sensitive sensitive earring ready give resign clip earring fortunately found expensive earring due metal well worth like ear even know,relief wear,1262908800,3.204463077,3.026425748,n/a,2.138888889,3.815863393,4.144696267,n/a,n/a,n/a,3.554687022,n/a,n/a,4.958598356
38,AMAZON FASHION,18,5,FALSE,A278EB9PTQGVYW,B00015VKT4,ear pierced little two month ago thought minor discomfort part healing process decided try honestly expect difference within hour wearing ear discomfort ear red swollen minor ache recommend people even last resort wearing earring also really like small simple style perfect anyway found difficult find earring like store seem big overbearing sure end buying pair similar style definitely give preference titanium earring,pleasantly surprised,1231286400,3.747916334,2.962605872,2.186771793,1.25,3.135932949,n/a,n/a,n/a,n/a,3.898371559,n/a,n/a,3.832119224
39,AMAZON FASHION,19,5,TRUE,A32C3JRRA30VR,B00015VKT4,got week ago along pair titanium hoop love able wear earring year nickel allergy earring given trouble whatsoever,wear earring,1199836800,4.688964609,n/a,3.782349896,3.555555556,4.144099153,n/a,n/a,n/a,n/a,n/a,n/a,n/a,3.290931634
42,Appliances,19,4,TRUE,A3NRA1NP54B9Y7,B00009V3UW,purchased replacement original pan gas range adaquate replacement good price shipping nbsp range kleen chrome range round label stamp item indicate american made,replacement range pan,1266019200,3.836861112,n/a,n/a,1.777777778,3.262880573,3.186756791,n/a,n/a,n/a,n/a,n/a,n/a,2.209378998
43,Appliances,0,5,TRUE,A3HD67LBDFGGYH,B00004YWK7,work,five star,1408320000,3.978171625,n/a,n/a,n/a,3.225856394,n/a,n/a,n/a,n/a,n/a,n/a,n/a,2.239281706
44,Appliances,1,4,FALSE,A6WJAUYD0P8ZF,B00004YWK7,received product time seems made good material chance install yet due weather condition,dundas jafine aluminum dryer vent kit,1396656000,4.024151863,1.062734941,1.309309327,n/a,n/a,3.034543782,n/a,n/a,n/a,n/a,n/a,n/a,3.271950574
45,Appliances,2,1,TRUE,A1M89QTF7BWXBL,B00004YWK7,hose fell apart trying attach outlet go outside came unraveled go store buy new one needed use new dryer day poor quality,poor quality,1383696000,4.062698627,2.225962259,n/a,n/a,2.177465741,1.391058269,n/a,n/a,n/a,n/a,n/a,n/a,3.457255452
46,Appliances,3,5,TRUE,A1L1N3J6XNABO2,B00004YWK7,wife used create fog chiller halloween job wonderfully wish bit le sturdy overall worked like charm,great material fog chilling,1383609600,4.01773526,n/a,2.261883959,n/a,3.392685454,2.578815552,n/a,n/a,3.932815735,n/a,n/a,n/a,3.233772925
47,Appliances,4,4,TRUE,A27MJZJW6PLN0B,B00004YWK7,bought vent replace broken vent work great price easy install good overall value recommend looking replace vent better quality expected,great dryer vent,1372723200,3.995260793,2.291631789,1.814428246,n/a,3.967391304,3.124991996,n/a,n/a,n/a,n/a,n/a,n/a,3.211928638
48,Appliances,5,4,TRUE,A3AQYXKRYS336T,B00004YWK7,easy install aluminum tube peel away easily go gently trying trim came everything needed however also bought aluminum tape secure even better tube,nice kit,1369440000,3.765244622,2.610820699,n/a,n/a,3.263974891,3.014334118,n/a,n/a,n/a,n/a,n/a,n/a,3.19911098
49,Appliances,6,1,FALSE,A1WWAP7DDBXFFG,B00004YWK7,purchased duct kit last week expanded duct gently completely ripped apart spiral foot long fragile expand way could expand full foot length description purchased another duct store could feel purchasing make sure going sturdy enough expand without breaking ge universal gas electric dryer duct kit work fine able expand problem cost around,better option available,1364342400,3.747916334,n/a,n/a,1.861111111,2.729478278,1.283849336,n/a,n/a,n/a,n/a,n/a,n/a,3.295174389
50,Appliances,7,5,FALSE,A1OTUFX7QJ6PCR,B00004YWK7,item easy install fit great worked like charm would recommend product cheap price excelent product,great product money,1362009600,3.857438937,2.284718172,2.033116581,n/a,4.713405797,3.4708541,n/a,n/a,n/a,n/a,n/a,n/a,3.2503488
51,Appliances,8,4,TRUE,A24LZA0HIACIXL,B00004YWK7,local hardware store vent installing wood wall top siding needed kit install brick block crawlspace wall kit allowed flap move freely run yet freely exterior wind open everything drilling hole brick concrete cinder block installed fairly easy two reason deducting star item came stained plan trying clean magic eraser get stain work paint also mounting option drill screw mounting surface silicone wall since come screw assume ideal mount silicone believe cap cover screw hole nothing major little touch like would elevated product enough ignore staining,good quality price could better,1360368000,3.888494424,2.238548526,1.77109813,n/a,3.181410387,3.111462208,n/a,n/a,n/a,1.257790334,n/a,n/a,4.986152751
52,Appliances,9,5,TRUE,A3NNO32KVSYJTO,B00004YWK7,dundas jafine aluminum dryer vent kit well made product fairly easy install handyman type everything need install kit quality speaks great price,aluminum dryer vent kit,1347408000,4.062698627,n/a,n/a,n/a,4.686594203,3.620710766,n/a,n/a,n/a,n/a,n/a,n/a,3.302342762
53,Appliances,10,3,TRUE,ALD9T940CXDFK,B00009V3UW,purchased item fraction inch large fit well stove kept sliding side side make sure get right size opening,quality material great,1369440000,3.836861112,n/a,n/a,n/a,1.965474371,n/a,n/a,n/a,n/a,n/a,n/a,n/a,3.266715448
54,Appliances,11,5,TRUE,A2QCV09RS094YU,B00009V3UW,gas range burner pan excellent quality pleasure use price excellent saving money compared local retail hardware store outlet,easy drip easy clean,1368489600,4.183674777,2.309944226,2.115673545,1.194444444,3.468529559,4.113178584,n/a,n/a,n/a,3.301984895,n/a,n/a,3.390067794
55,Appliances,12,4,TRUE,A2TM0CU1A2QO1Q,B00009V3UW,great product used need stove complaint would buy,range kleen,1358380800,4.066000185,2.442840119,1.820512244,n/a,4.492028986,n/a,n/a,n/a,n/a,n/a,n/a,n/a,2.898468663
56,Appliances,13,5,TRUE,A2P8MS8QYNXH75,B00009V3UW,great little gas range cover foil stay relatively clean fit range fine,good value,1357862400,4.017647232,n/a,n/a,n/a,3.652173913,n/a,n/a,n/a,n/a,n/a,n/a,n/a,3.730211882
57,Appliances,14,1,TRUE,A2RFG0KSLAHJYM,B00009V3UW,considering drip pan clearly marked duty chrome plated made usa felt safe assuming would made substantial heavy grade metal equivalent material used stainless steel rangetop made last disappointed discover thin probably easily bent hand chose hard believe anyone could mistake equipment stated label folk pay thousand dollar range would never find drip pan acceptable equipment,cheaply made,1355184000,2.641507983,n/a,n/a,n/a,2.535101087,2.747510395,n/a,n/a,n/a,n/a,n/a,n/a,3.064233581
58,Appliances,15,5,TRUE,A108G4SKC0GCGR,B00009V3UW,great price something trying find year locally luck could find electric gas range,rangekleen drip pan gas stove,1350172800,4.024143425,n/a,n/a,2.083333333,4.15610766,n/a,n/a,n/a,n/a,n/a,n/a,n/a,2.63496699
59,Appliances,16,4,TRUE,A1KZU8RXFU95F0,B00009V3UW,needed really good price spent really hard find store expensive another website completely worth,great,1340755200,4.032978153,n/a,n/a,2.194444444,3.921787827,n/a,n/a,n/a,n/a,n/a,n/a,n/a,4.161937392
60,Appliances,17,3,TRUE,A2ZX02YW2TQXFX,B00009V3UW,range pan made well however fit depth range description detail enough depth return,good product,1321401600,4.134477558,n/a,n/a,n/a,2.684079928,3.416285399,n/a,n/a,n/a,2.318789814,n/a,n/a,3.040253365
61,Appliances,18,2,TRUE,A392825KHF73TY,B00009V3UW,item appears good quality appearance ruined embossing company name bottom show top since drip pan surface smooth wipe,company name prominent,1286323200,3.947285982,n/a,n/a,n/a,2.419176316,3.22828494,n/a,n/a,n/a,n/a,n/a,n/a,3.097944758
64,Arts Crafts and Sewing,19,1,TRUE,A1ENZYQ0M2M24I,8867323385,first moleskine always heard best let tell worst paper ever come dollar store gotten better paper walmart feel like entire art world playing long con year,wow,1455148800,3.978171625,n/a,n/a,2.25,3.775557023,3.7623175,n/a,n/a,n/a,n/a,n/a,n/a,2.834121481
65,Arts Crafts and Sewing,0,4,TRUE,AR9BLVXG1ZVRA,8862932979,bought two book one book map making various river fish keep note fishing spot whatnot second book note taking observation telescope nice well made book,nice compact little note book,1398211200,3.765244622,n/a,n/a,n/a,3.0795724,3.707976757,n/a,n/a,n/a,n/a,n/a,n/a,3.278622184
67,Arts Crafts and Sewing,1,5,TRUE,A1BSBB074XUWHL,8862932979,slip easily back pocket flexibility mean discomfort go everywhere go jot idea address phone number etc,great memory aid,1398038400,3.400053935,2.755486547,1.741276096,n/a,3.32622702,3.216248628,n/a,n/a,n/a,n/a,n/a,n/a,3.31225076
68,Arts Crafts and Sewing,2,5,TRUE,A3V65EQUFDQ1FL,8862932979,huge fan moleskine notebook one exception third way notebook far held great,great notebook,1374451200,3.400053935,1.97777883,1.89720695,n/a,4.355417529,n/a,n/a,n/a,n/a,3.703161406,n/a,n/a,3.211260929
69,Arts Crafts and Sewing,3,5,FALSE,A1W37I7TQNTM5E,8862932979,impressed moleskine product seller quick service great notebook occasion regardless type writing note done back,excellent quality,1354579200,3.838174547,n/a,n/a,n/a,4.25621118,2.822847341,n/a,n/a,n/a,n/a,n/a,n/a,3.1927295
70,Arts Crafts and Sewing,4,5,TRUE,A1MAZDQGQ9PRQO,8862932979,great aid planning suit perfectly nothing need want say,love,1354492800,3.985678048,n/a,n/a,n/a,4.208850932,n/a,n/a,n/a,n/a,n/a,n/a,n/a,3.133961683
71,Arts Crafts and Sewing,5,4,TRUE,A3A8CRMP0NSRAD,8862931557,like wish line page,four star,1426204800,4.131935924,n/a,n/a,n/a,n/a,1.585026307,n/a,n/a,n/a,n/a,n/a,n/a,2.778494053
72,Arts Crafts and Sewing,6,5,TRUE,A1L1CSIB3WKRIF,8862931557,great little book alphabetical register,perfect address book moleskine,1423958400,4.498394013,n/a,n/a,n/a,3.941821946,3.086914783,n/a,n/a,n/a,n/a,n/a,n/a,2.637561912
73,Arts Crafts and Sewing,7,4,TRUE,A1BKNVXW25ZABN,8862931557,use small booklet keep password etc next computer,four star,1416873600,4.808695652,2.326879036,2.080109271,n/a,2.987060248,n/a,n/a,n/a,n/a,n/a,n/a,n/a,1.063867453
74,Arts Crafts and Sewing,8,5,TRUE,A1WMPAH8GZOSUT,8862931557,delivered quickly enjoyed thoroughly,five star,1416700800,4.066000185,n/a,n/a,n/a,n/a,n/a,n/a,n/a,n/a,3.608090101,n/a,n/a,2.104047395
75,Arts Crafts and Sewing,9,4,TRUE,A1EIDRBZELUXNF,8862931557,moleskin make fine notebook bit overpriced however,four star,1413417600,3.836861112,n/a,n/a,n/a,2.944829277,3.320533476,n/a,n/a,n/a,n/a,n/a,n/a,1.902292238
76,Arts Crafts and Sewing,10,5,TRUE,A3S9QDYYLHSVFU,8862931557,perfect address book need one flexible cover rather hardback easier thumb one try force unnecessary field like fax fill alphabetized line perfect bought another one since getting older tree friend dropping like fly necessitating frequent redos contact,like,1362873600,4.024151863,2.559640967,2.934642739,1.194444444,3.583616589,2.844596471,n/a,n/a,n/a,3.403727259,n/a,n/a,3.423721086
77,Arts Crafts and Sewing,11,2,TRUE,A3DPFJS1TIQOG8,8862931557,synopsis would great address book plan using every day keeping pocket good start good open layout without field great choose space look nice use letter unobtrusive spaced well enough give ample space name however order good stuff end bad carrying address book around le half year already mend finely broke along binding today could see using kept purse drawer need phone book go pocket fall piece got current phonebook getting replacement one fraying corner week use one came thing agitated request yet another one mended super glue continued carry finally tore along binding today verdict plan carrying person would great buy stylish one best layout seen book plan using daily disappointed break quickly,great idea poorly implemented,1346112000,3.995260793,2.715823003,4.578881988,2.305555556,4.340165631,3.236928192,n/a,n/a,n/a,1.979326574,n/a,n/a,3.162182984
78,Arts Crafts and Sewing,12,4,TRUE,A130X27NCWDU3A,8862931557,us address book nearly perfect size little big shirt pocket great pant jacket pocket convenient kind bag briefcase alphabetically tabbed need run thumb tab find looking saved best last lined unconstrained much information put entry star like see another page maybe even two section think would effect convenience factor,almost exactly needed,1326585600,4.032978153,n/a,n/a,n/a,3.928623188,3.551300669,n/a,n/a,n/a,n/a,n/a,n/a,3.614742452
79,Arts Crafts and Sewing,13,4,TRUE,A2Z1F4V7HPZ9AU,8867323385,drawing writing take marker pencil well like ink play surface,nice work surface,1432771200,4.008862815,2.671976787,1.917077706,n/a,3.051078308,2.40349787,n/a,n/a,n/a,n/a,n/a,n/a,2.440567506
80,Arts Crafts and Sewing,14,3,TRUE,AC8KRBMQJL23M,8867323385,product actually good artist wife love using sketch book,good product seems confuse amazon,1429920000,3.618114964,1.071108532,1.622113273,n/a,3.699432481,n/a,n/a,n/a,n/a,n/a,n/a,n/a,3.230269234
81,Arts Crafts and Sewing,15,5,TRUE,A2G398EFSZ542W,8867323385,wonderful book received already love,five star,1417305600,4.008862815,n/a,n/a,n/a,n/a,n/a,n/a,n/a,n/a,n/a,n/a,n/a,1.850610247
82,Arts Crafts and Sewing,16,5,TRUE,A2PZRAES1ENIHO,8867323385,ordering second book today since filled last one le month love book perfect size page allow color bleed think would like soft cover first love pas book love,ordering second book love,1415664000,4.145002273,2.96343589,4.972579051,1.25,4.583267038,3.426025142,n/a,n/a,n/a,4.708629805,n/a,n/a,3.185081707
83,Arts Crafts and Sewing,17,5,TRUE,A15U43N6OEKMY6,8867323385,like sketch book,five star,1409616000,4.419080838,n/a,n/a,n/a,n/a,n/a,n/a,n/a,n/a,n/a,n/a,n/a,2.770848596
84,Arts Crafts and Sewing,18,5,TRUE,A1YXWDCYXE7BFY,8867323385,amazing never worked moleskine wo last,awesome,1457481600,3.313774128,n/a,n/a,n/a,n/a,n/a,n/a,n/a,n/a,n/a,n/a,n/a,3.00928326
86,Automotive,15,5,TRUE,AQ1TNK494I0PQ,7138258917,great,great product recommend,1451174400,3.991085768,n/a,n/a,n/a,n/a,n/a,n/a,n/a,n/a,n/a,n/a,n/a,1.14944766
87,Automotive,0,5,TRUE,A3M20IGF19WMBD,7138258879,good,five star,1426809600,4.796790696,n/a,n/a,n/a,n/a,n/a,n/a,n/a,n/a,n/a,n/a,n/a,1.521836028
88,Automotive,1,3,TRUE,A2GGCRLQ75WJFE,7138258879,one sticker incomplete missing letter fine,incomplete,1421193600,3.857438937,n/a,n/a,n/a,2.933920069,3.222621436,n/a,n/a,n/a,n/a,n/a,n/a,3.338568178
89,Automotive,2,5,TRUE,A2M7MSLDRV6FC6,7138258879,thank,five star,1420243200,3.523850241,n/a,n/a,n/a,n/a,n/a,n/a,n/a,n/a,n/a,n/a,n/a,1.893324644
90,Automotive,3,5,FALSE,A3RKXT2JD6KZR0,7138258879,great space filler impress lot people true double take eye catcher great purchase decal,great space filler impress lot people,1414800000,3.603554242,n/a,n/a,n/a,n/a,n/a,3.588224638,n/a,n/a,3.867618904,n/a,n/a,2.432184121
91,Automotive,4,5,FALSE,A2IJ5951R8OXLT,7138258879,great product stick well gone several car wash still,fantastic,1410652800,3.912204893,2.895835624,2.79362626,n/a,4.161387164,n/a,n/a,n/a,n/a,n/a,n/a,n/a,2.807955357
92,Automotive,5,5,TRUE,A1J8MD7BJ5JASH,7138258879,easy apply looking yes good product would buy,like,1376611200,3.857438937,2.242467071,2.236706922,n/a,2.514841947,n/a,n/a,n/a,n/a,n/a,n/a,n/a,2.836495671
93,Automotive,6,5,TRUE,A2UQU28S0X5TXR,7138258852,look good car nice decal,five star,1445817600,3.765244622,1.929210426,1.443829972,n/a,n/a,n/a,n/a,n/a,n/a,3.710905849,n/a,n/a,2.319607836
94,Automotive,7,5,TRUE,A2A0QSP3PBK3YS,7138258852,great item look perfect,five star,1437004800,3.852509015,n/a,n/a,n/a,n/a,n/a,n/a,n/a,n/a,4.047276359,n/a,n/a,3.366670071
95,Automotive,8,1,TRUE,AMIBHOFV3MCD4,7138258852,tried peeling paper stick car paper came back stuck sticky part ruined sticker actually peeled way apart ec vtec ripped ruined total waste money,total waste money,1427760000,3.817586489,1.039535033,n/a,n/a,2.306522584,1.252322181,n/a,n/a,n/a,n/a,n/a,n/a,3.534766019
96,Automotive,9,5,TRUE,A2S8MQEG3SSSVZ,7138258852,look great car,nice sticker,1417305600,5,3.052215436,1.617336134,n/a,n/a,n/a,n/a,n/a,n/a,3.961054179,n/a,n/a,1.89655559
97,Automotive,10,5,TRUE,A2I7JIYAIRIIO8,7138258852,nice,five star,1412726400,3.995260793,n/a,n/a,n/a,n/a,n/a,n/a,n/a,n/a,n/a,n/a,n/a,2.447901418
98,Automotive,11,5,FALSE,A3RKXT2JD6KZR0,7138258852,perfect new high output moped real eye catcher,five star,1410566400,3.974274836,n/a,n/a,n/a,n/a,n/a,n/a,n/a,n/a,n/a,n/a,n/a,3.06065945
99,Automotive,12,5,TRUE,A3FUNJ3KR0FJ6C,7138258852,easy install good size small big color also great ill see summer right,wo regret,1389916800,4.004719277,n/a,n/a,n/a,3.912560386,3.202569131,n/a,n/a,n/a,3.755949614,n/a,n/a,3.281635642
100,Automotive,13,5,TRUE,AGNI4V5MXM10Q,7138258917,exactly wanted,perfect,1456963200,4.239169623,n/a,n/a,n/a,n/a,n/a,n/a,n/a,n/a,n/a,n/a,n/a,3.232870628
101,Automotive,14,5,TRUE,A3QIAESQP3OVNQ,7138258917,point time,five star,1455753600,4.004719277,n/a,n/a,n/a,n/a,n/a,n/a,n/a,n/a,n/a,n/a,n/a,1.09690413
102,Automotive,16,5,TRUE,A3B17LX5MCCMQ4,7138258917,excellent,five star,1445385600,3.852509015,n/a,n/a,n/a,n/a,n/a,n/a,n/a,n/a,n/a,n/a,n/a,1.109626733
103,Automotive,17,5,TRUE,A2J54QVERPIEDH,7168258834,completely love new bow car wanted perfect size everything,love pretty pink,1415318400,4.062698627,n/a,n/a,n/a,n/a,3.689380065,n/a,n/a,n/a,4.746097784,n/a,n/a,2.858526977
104,Automotive,18,1,TRUE,A2V8C2LXM2BRCY,7168258834,bought hoping would big enough put window shield car small would small anyone see car perfect ipad macbook car,cute way small,1398902400,2.641507983,n/a,n/a,n/a,2.401407642,1.918563534,n/a,n/a,n/a,n/a,n/a,n/a,3.278489855
105,Automotive,19,5,TRUE,A37KEWU8RH0F8G,7168258834,happy ordered got three package bright shiny pink smoothly made one better decal careful applying thankfully decal somes direction even link video get confused happy,adorable decal ca wait put car,1388620800,4.239169623,n/a,n/a,n/a,3.170655244,3.010092272,n/a,n/a,n/a,3.819420114,n/a,n/a,3.203490946
111,Books,0,5,FALSE,A1RJTUTL6AOBEW,1932349,wonderful book everyone read discover sincere word amazing meaning make u see feel love many thing flower example,book see love eye child,947289600,3.978171625,2.835238245,1.334995066,n/a,4.569788892,4.644445803,n/a,n/a,n/a,4.678884533,n/a,n/a,3.661641964
112,Books,1,5,TRUE,AG5WO5CYX6C2R,1932349,love little book wonderful give gift adult child already copy wanted another give one gift express simple touching word way would like cherished probably never always make cry call agnostic bible clare,already copy book,1376092800,4.315954568,3.245133994,2.109770777,n/a,n/a,n/a,n/a,n/a,n/a,4.558140255,n/a,4,3.283083994
113,Books,2,5,TRUE,A1JEI4W0IBQ6OA,1932349,little book quite time wanted give copy year old granddaughter read writes poetry short story draw picture go along story always look come visit inspired write sweet story pleased find copy amazon thank,special book,1373414400,3.861805723,2.857847125,3.952639752,n/a,n/a,n/a,n/a,n/a,n/a,n/a,n/a,n/a,3.313368725
114,Books,3,5,FALSE,A1Q0WD0JBF9VE0,1932349,book dear sweet cover illustration color simply beautiful reading child adult,sweet book indeed,1367452800,4.131935924,n/a,n/a,n/a,n/a,4.185134125,n/a,n/a,n/a,4.538175946,n/a,n/a,3.324597713
115,Books,4,5,TRUE,ARTMVRZR549T6,1932349,sweet little book got mom valentine day used read got book fast exactly described perfect thank,sweet book,1360195200,4.498394013,n/a,1.617399888,n/a,3.434807976,3.646091896,3.574214976,n/a,n/a,n/a,n/a,n/a,3.438334818
116,Books,5,5,FALSE,A1X9NB8F3KHOU5,1932349,book simple beautiful sweet must child given four year old still great meaning keeper,best child book ever,1231372800,3.985678048,4.545781573,4.958618012,n/a,n/a,4.72636408,n/a,n/a,n/a,n/a,n/a,n/a,3.337798401
117,Books,6,5,FALSE,A2NG0O7JGLBGUP,1932349,book wonderful must child never loved book much,love special way feeling,1063497600,4.053118863,n/a,n/a,n/a,n/a,4.734976009,n/a,n/a,n/a,4.679325114,n/a,n/a,3.770185397
118,Books,7,5,FALSE,AJBJJM3W11QLL,1932349,think read book thousand time sure read another time end discover still looking thing life like way used child waw read wo regret pleased share thought someone read pleased knew could another author,wwwwwonderful,1005264000,4.239169623,3.503509466,4.894849896,n/a,n/a,n/a,n/a,n/a,n/a,4.260604596,n/a,n/a,2.113145943
119,Books,8,4,FALSE,A2B1GZIRD6W646,2006448,one book purport something level actually something pretty much unrelated next important industry oil middle east carpet author kremmer journalist spent decade travelling around region reporting various event australian new agency one sort another story love affair carpet turn pretty serious study style manufacture sale trade significance item muslim culture oil irrelevant muslim except term money generates carpet tell lot heritage muslim world part interesting lot learn muslim carpet towards end book author begin veer actual politics course turn think american policy middle east agressive late clinton year one shudder think opinion thankfully least hate saddam hussein mullah run iran journalist typically like government restrict freedom press regardless whatever else one proviso aside lot intersting material book character drawn interestingly setting would recommend book,unusual look middle east,1137369600,4.11345411,2.981429831,3.282667237,1.694444444,2.205051751,4.208431758,n/a,n/a,n/a,4.258531284,n/a,n/a,3.909581974
120,Books,9,4,FALSE,A1DK5AZMXS1QA3,2006448,carpet one product central asia consistently exported rest world rest world know central asia traversal route bazaar comprise carpet trade would take one many important place central asia likewise dealing involved trade would give insight history economics culture living area subject book author travel bazaar trade route iraq iran pakistan afghanistan kashmir looking carpet interaction local open whole world history culture religion food habit alien west whether barter good proper way greet older woman story told kremmer bring life place many u never visit yet comprises large part world spatially historically author intersperses account character study various individual meet side story fill local history editorial connect seens place occurs washington stockmarkets west overall great travel book great history book great story told highly recommend book,tourism history,1136505600,3.204463077,2.963695186,2.496113464,n/a,n/a,4.364621097,n/a,n/a,n/a,n/a,n/a,n/a,3.405970424
121,Books,10,3,FALSE,A1JS302JFHH9DJ,2006448,carpet war sampler informal writing australian journalist avid carpet collector christopher kremmer ten year central asia since written concern event area established west cultural radar today give view region uncluttered hindsight reevaluation kremmer writes time afghanistan pakistan tajikstan kashmir iran giving u colorful slice life region enlivens writing vivid character study met travel dignitary like afghan dictator mohammed najibullah legendary guerilla ahmad shah massoud various carpet dealer kremmer got know time region character sketch kremmer anecdote delivers measured dos regional history politics imparts surprising amount information favorite hobby asian carpet result entertaining travel writing kremmer lively discursive work also function excellent introduction central asian economy politics besides like read travel interesting foreign part carpet war also useful want idea movement like taliban came want take spoonful sugar medicine kremmer book also taught never know enough bargain effectively asian carpet rueful wry work also admits certain pleasure cheated,painless education,1089244800,4.032978153,2.307762235,4.161057506,1.555555556,n/a,4.273024386,n/a,n/a,n/a,n/a,n/a,n/a,3.475566446
122,Books,11,5,TRUE,A26QTCZG2XR3JH,2006448,finished book six week ago ca stop thinking often travel book westerner kind place either clever cynical condescending one end scale end reverent reverence seems really complex extreme get tiring pretty quickly carpet war exactly middle fascinating extremely informative history politics religion yes even carpet region pakistan iran carpet merely thread speak held several account travel region kremmer master story teller funny sometimes hard tell enjoyable story telling way telling account place familiar told rich tone deep affection new place like isfahan account vivid color someone seeing something first time creating best travel essay ever read seven week ago isfahan exotic name top place hope see die hard say recommends book fact throughly enjoyable deeply infomrative read kremmer book lao probably pretty good book like carpet war stick long accident,one best travel book ever read,1079049600,3.817586489,3.865110421,2.66927619,n/a,n/a,4.511767448,n/a,n/a,n/a,4.072880463,n/a,n/a,3.479562574
123,Books,12,5,FALSE,A1AV8G3QMHK2ST,2006448,great book author riding wave interest surrounding incident look central asian region form different point view book read writing style fast paced easy read author really know area world first hand interested carpet find lot interest also know first thing carpet read enjoy,original interesting,1078099200,4.571573304,2.437695219,2.344497794,1.416666667,4.262330994,3.944781846,n/a,n/a,n/a,3.949012054,n/a,n/a,3.514345691
124,Books,13,5,FALSE,A36X9BU9JB8KCE,2006448,anyone interested fine art rug weaving culture oriental carpet originate geography ancient trade route including silk road history economics politics middle east present day travel region find immense treasure christopher kremmer carpet war early muslim inhabited land people born carpet prayed covered tomb century carpet currency export among first commodity globalized trading system writes author spent ten year asia reporting australian press us oriental rug motif writing travel afghanistan pakistan iraq iran tajikistan kashmir former soviet satellite country central asia reviewer admits interest enfolds bias travel region peace corp worker le turbulent time also good fortune working store wide variety finest example oriental carpet sold book read second oil hand made carpet region principal export long marco polo made famous travel along silk road carpet created various quarreling faction middle near east focus retelling fighting clan damaged carpet trade effectively wiping middle upper class society left appalling poverty misery wake kremmer describes even midst war turmoil bazaar spring break fighting carpet merchant quickly resume business nothing happened disappointment author omits description many variety technique rug making remains focused travel islamic world giving u benefit first hand witness misery believing allah create anything perfect muslim carpet maker often deliberately craft minor flaw handiwork practiced eye might discern also learn many rug woven people living duress conflict reflect anxiety turmoil symbol war airplane helicopter tank gun rug also contain symbol maker traumatic life altogether discernible understood like great painting renaissance work art may never fully comprehended enough fortunate owner hand knotted woven rug might appreciate beauty also portray soulful deeper meaning life creator leaving legacy generation come book armchair journey immense interest highly recommended reviewer www,armchair journay immense interest,1071360000,3.978171625,2.631514924,1.596881892,n/a,n/a,3.774840598,n/a,n/a,n/a,4.110387814,n/a,n/a,2.998879292
125,Books,14,4,FALSE,A1J0DCO969DZ53,2006448,fascinating book anyone ever dabbled rug even arab souk iranian bazaar probably never come close real source beautiful object kremmer trek heartland help appreciate carpet living room floor materialise dealer show room rather product completely different society,interesting,1042761600,4.032978153,2.338656751,1.680239926,n/a,n/a,4.551400314,n/a,n/a,n/a,4.085263885,n/a,n/a,3.661070218
126,Books,15,5,FALSE,A2MOBMVHECYVLE,2006448,christopher kremmer book take journey central asian country frequently news today provides incomparable insight largest first section account event afghanistan witnessed foreign correspondent book dry history merely travelogue merely extended piece journalism kremmer come know befriend people different background within region story well carpet trade story emblematic carpet narrative woven care future people region care becomes kremmer friend christopher managed make internecine politics inhumanity brutality comprehensible humanisation people might lesser hand reduced merely even worse inhuman earlier year read light travel afghanistan jason elliot thoroughly recommend book desire reach understanding region importance u,compelling read,1039219200,3.60104801,n/a,n/a,n/a,n/a,4.665681036,n/a,n/a,n/a,n/a,n/a,n/a,3.633165507
127,Books,16,5,TRUE,ASS457AQPDIFZ,000047715X,solid purchase issue,five star,1409443200,3.861805723,n/a,n/a,n/a,n/a,n/a,n/a,n/a,n/a,n/a,n/a,n/a,1.946410513
128,Books,17,5,TRUE,A3NMH1KTLG7CWX,000047715X,item arrived expeditiously excited saw seller included extra love practice test video taken board yet good prep far,excellent seller,1398816000,3.876169282,2.445066828,1.572790051,n/a,3.561924982,n/a,n/a,n/a,n/a,n/a,n/a,n/a,3.257335046
129,Books,18,4,TRUE,A2LI5026JCXQBA,000047715X,like person understand listening good resource faculty giving didactic session phenomenal,knowladge power,1398729600,3.991085768,n/a,n/a,n/a,3.311464908,4.459739,n/a,n/a,n/a,n/a,n/a,n/a,3.217429865
130,Books,19,5,TRUE,AHNMXYVRDN1R9,000047715X,cd scratch product exactly said satisfied purchase truly recommend want learn commute,totally love,1394323200,4.11345411,n/a,n/a,n/a,3.890040992,n/a,n/a,n/a,n/a,n/a,n/a,n/a,3.325456365
132,CDs and Vinyl,0,4,TRUE,A1SDWFE0ETD2Z4,076972065X,nice video easy follow instruction learn basic step pronto although dance style taught may bit outdated guess little bit knowledge never hurt get wittit hip trendy nightclub embarrassing,get doooowwwnn,1036108800,3.876478554,2.770473063,1.763816622,n/a,3.104075235,3.019881499,n/a,n/a,n/a,n/a,n/a,n/a,3.750168015
133,CDs and Vinyl,1,1,TRUE,ALCAZT3C4NFL,076972065X,regret bought video even impressed way couple danced ridiculous often seen juvenile dancer perform much better great number dance step video teach three basic step lousy video,lousy lesson,1021852800,4.684104122,1.081005544,n/a,n/a,3.081311596,1.707526786,n/a,n/a,n/a,1.128499399,n/a,n/a,3.723560683
134,CDs and Vinyl,2,5,FALSE,A2SUYP41EAL67K,076972065X,laughed little bit first watched video got became really fun even got boyfriend imitate artistic move man video lot fun learning night club dance move even got try sister wedding think people surprised much knew definitely great dancing wedding,energetic entertaining,1011657600,3.852509015,3.646882965,2.953730714,n/a,3.449306057,n/a,n/a,n/a,4.815916149,n/a,n/a,n/a,3.980931478
135,CDs and Vinyl,3,5,TRUE,A2G0MFXV3LLNDM,076972065X,ok disco dead care bought video fat much rhythm truckload pot pan bouncing rocky slope needed something teach move video start flexing knee rhythm complicated step stepping side side beat dancer experience want move different dance video buy one want little gentle exercise learning move body time practicing move could probably dance emergency come looking halfway decent importantly video get ready second dance exercise video enjoy leslie,best beginner,1009670400,3.876169282,2.326620163,1.28830856,n/a,3.239505326,3.119531132,n/a,n/a,n/a,n/a,n/a,n/a,3.368747805
136,CDs and Vinyl,4,1,FALSE,A3B74N4AZ2I4QC,076972065X,way basic boring move length video move exact would recomend someone absolutely rhythm,dance nightclub,970617600,4.252031128,1.051026866,n/a,n/a,2.548775137,2.157335782,n/a,n/a,n/a,1.272773592,n/a,n/a,3.636641423
137,CDs and Vinyl,5,5,TRUE,A3V8KOTFIBTF1Z,076972065X,replaces worn vsh tape excellent way start learn night club dancing excellent dance teacher team pretty,replaces worn vsh tape excellent way start learn night club dancing,1426636800,3.817586489,n/a,n/a,n/a,3.528158665,3.365587014,n/a,n/a,n/a,3.878542593,n/a,n/a,3.57956021
138,CDs and Vinyl,6,5,FALSE,A1720CYZPONSU6,076972065X,love video,five star,1414022400,4.239169623,n/a,n/a,n/a,n/a,n/a,n/a,n/a,n/a,n/a,n/a,n/a,2.338141801
139,CDs and Vinyl,7,5,TRUE,AF2O1521KM0JB,076972065X,another great video love able go back step get pat video excuse anyone able decent dance step look like jerk,one excuse able dance,1406851200,4.57127016,2.794002013,2.232824426,1.861111111,4.802898551,n/a,n/a,n/a,n/a,n/a,n/a,n/a,3.401770904
140,CDs and Vinyl,8,4,TRUE,AMVUVF2C00XGO,076972065X,ordered refresh husband dance long time wedding next year ca start soon enjoy dancing,brings back memory,1387497600,4.145002273,n/a,n/a,n/a,n/a,n/a,n/a,n/a,n/a,n/a,n/a,n/a,3.215991198
141,CDs and Vinyl,9,5,TRUE,A3LNIDN26MZUO2,076972065X,daughter going watch going teach hip hop,actually pretty good instructional dance dvd,1275177600,4.032978153,n/a,n/a,n/a,n/a,n/a,n/a,n/a,n/a,n/a,n/a,n/a,1.269530429
142,CDs and Vinyl,10,5,FALSE,A251MDPY2GLA0,076972065X,dance dvd best fun simple step step far best dance teaching dvd,best beginner,1186704000,4.032978153,n/a,n/a,n/a,3.598035044,n/a,n/a,n/a,n/a,n/a,n/a,n/a,3.313681609
143,CDs and Vinyl,11,4,FALSE,A1WWLHBM44HA7P,076972065X,read ton review prior getting video many people disappointed cause seemed simple basic dated best dancer world always aspired video dvd strictly beginner know dance would like taken ballroom dancing ymca use kind dance typical nightclub company party want basic modern freestyle dance nightclub wedding etc broken simple easy follow step dvd good choice music canned teacher come across plastic since clearly actor good job letting someone get basic freestyle dance comfort home pace dvd kid teen opinion older adult want learn new skill fun instead perpetual wallflower like skill dance practice confidence improve relax afraid looking awkward least get basic dvd definitely help,please take grain salt,1170979200,3.400053935,2.757714334,n/a,n/a,2.709029364,2.802296878,n/a,n/a,n/a,n/a,n/a,n/a,3.035547298
144,CDs and Vinyl,12,1,FALSE,ATI6U1YGDAXRI,076972065X,worth buying show outdated step already naturally nothing learn,useless,1150070400,3.836861112,1.299350772,n/a,n/a,2.664361772,n/a,n/a,n/a,n/a,n/a,n/a,n/a,3.725372059
145,CDs and Vinyl,13,1,TRUE,A2O6BY4Z0LOEYT,076972065X,unable complete viewing video due mostly lack relevance modern nightclub dancing sytle far useful,date,1122940800,4.062698627,2.282959566,n/a,n/a,2.351478553,2.765514562,n/a,n/a,n/a,n/a,n/a,n/a,3.863262864
146,CDs and Vinyl,14,1,TRUE,A31MVWIVTMZF50,076972065X,disco dancing show outdated even early worst tape ever bought thought looked like fool flaring arm two stepping definitely worth money,waste money,1057190400,3.861805723,1.114316965,n/a,n/a,1.857305571,1.552688622,n/a,n/a,n/a,n/a,n/a,n/a,4.123459554
147,CDs and Vinyl,15,4,TRUE,A2YCGMW0ZKPYZ2,788602144,answer course lot time spent whining stuff hullabaloo really rock roll sure safe act crooner vega swinger ruled show particularly host work beautiful period piece rock roll decade old show filmed tv exec fighting losing battle purity performance animal yardbitds byrd show uncontrollable energy anyone grew era love remember actual show spend day wiping grin face,nostalgia overrated,1026086400,3.930557484,n/a,n/a,n/a,3.613200433,n/a,n/a,n/a,n/a,4.015649578,n/a,n/a,3.69602909
148,CDs and Vinyl,16,5,FALSE,A2XFRYFB5CVH2G,788602144,initially bought vol vhs never seen supremes perform nothing heartache motown greatest era living germany much opportunity catch appearance shown stateside watching entire clip brings back great memory miss day singer occasionally danced,aaah,1021420800,3.313774128,2.215410977,1.855025222,n/a,n/a,n/a,n/a,n/a,n/a,3.801107566,n/a,n/a,3.557900458
149,CDs and Vinyl,17,5,FALSE,A1XFE373FRDQZU,788602144,must collector apparently introduce newbie great oldie freddie dreamer website club yahoo group new member mentioned seen show researched band net great fun watch tape,new fan tape,1010448000,4.131935924,2.723032196,1.780355111,n/a,4.493271222,n/a,n/a,n/a,4.515942029,n/a,n/a,n/a,3.641161415
150,CDs and Vinyl,18,5,FALSE,AUHCT99R5J1L,788602144,absolutely buy dvd hullabaloo first aired managed see twice day family one tv set parent controlled show watched prime time reason care watching herman hermit paul revere raider remember worshiping hullaballo dancer still watching dvd definition cool wearing original boot surprised watching show pop rock music quite separated could imagine sammy davis moody blue disk especially noteworthy introduction beatles manager brian epstein used show promote act none ever came close reaching beatles popularity problem mix color back white show hey u black white day anyway great blast past,great record music mid,998611200,3.912204893,2.91621937,2.113976379,n/a,n/a,n/a,n/a,n/a,n/a,3.790662859,n/a,n/a,3.362513813
151,CDs and Vinyl,19,4,FALSE,A1KM9P5DCBZ1T0,788602144,despite lack color episode due fact original color tape destroyed nbc volume past hullabaloo episode fab show aired year two even born far exceed term sheer musical entertainment quality anything today musical act mtv music network could ever hope produce among favorite bit appearance paul revere raider go go segment end show absolute blast go go dancer appearance byrd excellent version time changing go go dancer cyrcle best known number red rubber ball go go dancer michael landon guest host one episode acting though coolest cat ever host show hard imagine little joe acting way would pa ho say mention fabulous go go dancer buy care old young may may enough viewing floor swim jerk shake shimmy shag whatever dance back ever invent time machine allowes trip past possibility return going back see,television never fun,995241600,4.008862815,n/a,n/a,n/a,3.528006219,4.27496038,n/a,n/a,3.187163561,3.194143701,n/a,n/a,3.789522391
153,Cell Phones and Accessories,0,5,TRUE,A9H9C0WF6JTG3,8199201460,say came perfect condition looking glad ordered amazon best price,looking,1286064000,4.008862815,n/a,n/a,n/a,3.749350996,3.040265312,n/a,n/a,n/a,n/a,n/a,n/a,3.169238852
154,Cell Phones and Accessories,1,5,TRUE,AK1M247BOU73P,8199201460,thanks vendor fast item promised,thanks vendor fast item,1429747200,3.861805723,n/a,n/a,n/a,n/a,n/a,n/a,n/a,n/a,n/a,n/a,n/a,2.364990445
155,Cell Phones and Accessories,2,5,TRUE,A21AMFQK5SGWTC,8199201460,work expected,work expected,1416787200,3.563240669,n/a,n/a,n/a,3.050849613,n/a,n/a,n/a,n/a,n/a,n/a,n/a,1.207528932
156,Cell Phones and Accessories,3,5,FALSE,A3NXF3DJ76YN27,8199201460,official samsung charger ordered satisfied good price also always check amazon need,love amazon,1413590400,3.331904186,n/a,n/a,n/a,3.954157026,n/a,n/a,n/a,n/a,n/a,n/a,n/a,2.901737361
157,Cell Phones and Accessories,4,4,TRUE,A2XEIXD9SXFVTZ,8199201460,samsung fit perfect charge great seems sturdy one thing cord bit short car cable opinion otherwise work great,work nice build quality,1400803200,3.66856794,2.528295781,1.697621263,n/a,4.008850932,n/a,n/a,n/a,n/a,n/a,n/a,n/a,3.275361677
158,Cell Phones and Accessories,5,5,TRUE,A143AP59H7SBE3,8199201460,product job cord little short maybe stretch little continued use would recommend price right best place get item,job,1399766400,4.134477558,2.339725187,1.914971646,n/a,3.825849636,n/a,n/a,n/a,n/a,n/a,n/a,n/a,3.290545394
159,Cell Phones and Accessories,6,5,TRUE,A2VLGK4131NX8L,8199201460,item worked advertised always leery electronics item really work well thanks supplying great product reasonable price,work,1369180800,4.024143425,2.242961435,1.556418131,n/a,4.68115942,n/a,n/a,n/a,n/a,n/a,n/a,n/a,3.243281882
160,Cell Phones and Accessories,7,5,TRUE,A30BRDME36VZ4W,8199201460,great,five star,1368230400,4.066000185,n/a,n/a,n/a,n/a,n/a,n/a,n/a,n/a,n/a,n/a,n/a,1.659432094
161,Cell Phones and Accessories,8,4,TRUE,A10HQI2OQACU6K,8199201460,mixed result ordering replacement charger growing pile electronic gadget one worked arrival work several week later hopefully last least year would record house unknown brand cheap performed miserably chose samsung oem product samsung phone update negative experience report,far good,1362787200,4.024151863,2.288508054,3.924120083,2.944444444,4.234782787,n/a,n/a,n/a,n/a,n/a,n/a,n/a,3.334821064
162,Cell Phones and Accessories,9,5,TRUE,A3EIOO6WLFCG04,8199201460,best service great product inexpensive use time road practical safe use,excellent,1357171200,4.131935924,2.079250352,2.970063993,n/a,4.851449275,3.456822156,n/a,n/a,n/a,n/a,n/a,n/a,3.40337173
163,Cell Phones and Accessories,10,5,TRUE,AAAUKQ62M9NX5,8199201460,ordered since needed one charger car new phone att fit charger really wish cell phone company would standardizeo port charger especially since difference old new one slight enough make u buy new one att store wanted charger great buy came described fit work great continue check amazon tech gear like since landscape change fast aftermarket price accessory varies much,great value,1351468800,3.974274836,n/a,n/a,2.944444444,4.719875776,n/a,n/a,n/a,n/a,n/a,n/a,n/a,3.3427799
164,Cell Phones and Accessories,11,5,TRUE,ARYMN0745BCPT,8199504331,fast service brand new work great,work great,1425513600,3.974274836,n/a,n/a,n/a,3.507798482,3.140644805,n/a,n/a,n/a,n/a,n/a,n/a,3.185905504
165,Cell Phones and Accessories,12,5,TRUE,A1GNA9RM2I1WOR,8199504331,worked well great price,five star,1424304000,3.852509015,n/a,n/a,n/a,4.589855072,n/a,n/a,n/a,n/a,n/a,n/a,n/a,2.43094392
166,Cell Phones and Accessories,13,5,TRUE,A3NXF3DJ76YN27,8199504331,official samsung charger generic good price also,completely satisfied,1413590400,3.930557484,n/a,n/a,n/a,3.41838507,n/a,n/a,n/a,n/a,n/a,n/a,n/a,2.932840866
167,Cell Phones and Accessories,14,5,TRUE,AK2UAA44U9JOG,8199504331,original cheap dollar came quickly work else say,oem cheaper samsung sell,1387152000,4.026437098,n/a,n/a,n/a,3.042096593,n/a,n/a,n/a,n/a,n/a,n/a,n/a,3.296461898
168,Cell Phones and Accessories,15,5,TRUE,A3DR9BI6MH4GOX,8199504331,phone working thought first battery noticed old charger frayed ordered new one phone back running time plugged even phone maker charger stock also able get much le amazon,charger trick,1378425600,3.66856794,2.370539613,1.743138983,n/a,3.181572326,n/a,n/a,n/a,n/a,n/a,n/a,n/a,3.183389258
169,Cell Phones and Accessories,16,5,TRUE,A1SBNA68U20CQK,8199504331,bought visiting forgot charger worked advertised keep talking phone engage scintillating conversation like soo cheap earned browine point next nothing shipper shipped pretty fast brownie point chalked,work,1376784000,4.11345411,n/a,n/a,n/a,3.64052629,n/a,n/a,n/a,n/a,n/a,n/a,n/a,3.242520846
170,Cell Phones and Accessories,17,5,TRUE,AZ5TLIZMRSOGK,8199504331,working mentioned happy face problem far feel brand new factory made one would definitely recommend,awesome,1334707200,3.765244622,1.686301032,1.653565879,n/a,3.853684218,n/a,n/a,n/a,n/a,n/a,n/a,n/a,3.275683747
171,Cell Phones and Accessories,18,5,TRUE,A1P2EKEEZ8UDPB,8199909331,received item estimated arrival date big plus initially concerned warranty card checked marking reviewer pointed determine mine real deal able use phone gps trip battery either stayed actually charged road trip long enough generic car charger enough juice keep phone charged happy purchase,charger advertised work perfect,1349827200,3.858204457,2.188402971,2.150322208,n/a,3.237216428,2.67320458,n/a,n/a,n/a,n/a,n/a,n/a,3.070907417
172,Cell Phones and Accessories,19,5,TRUE,A2ZG18NVDGJ9VL,8199909331,last one product lasted month hoping one last longer price go wrong cheaper buying sprint bestbuy,work advertised,1349568000,4.032978153,1.78688902,2.752460458,1.777777778,3.073844366,n/a,n/a,n/a,n/a,n/a,n/a,n/a,3.13968229
174,Clothing Shoes and Jewelry,0,4,TRUE,A2STCI9JP27HZX,1936023857,cute tag especially helpful class,four star,1409270400,4.01773526,n/a,n/a,n/a,n/a,n/a,n/a,n/a,n/a,3.811528528,n/a,n/a,1.848698868
175,Clothing Shoes and Jewelry,9,5,TRUE,A2M0QXEZFAOO7A,512005322X,second order wearing used garter belt thick sturdy,thick sturdy,1461110400,3.817586489,n/a,n/a,n/a,n/a,3.785388385,n/a,n/a,n/a,n/a,n/a,n/a,2.287151075
176,Clothing Shoes and Jewelry,19,4,TRUE,A2XB4ZF3ZW8EDK,512005322X,chose based customer review found helpful material strong run rip stayed sag red line thigh wearing one evening beef much opaque photo show looking sheer navy leg showed seem many navy option,strong material stay sheer,1473465600,4.252031128,1.832370464,1.78176379,n/a,2.525837406,3.780911787,n/a,n/a,n/a,3.415783033,n/a,n/a,3.192209398
177,Clothing Shoes and Jewelry,1,5,TRUE,A18HDZX2ATXVL3,1936023857,great meeting several child care center inner city,great,1408579200,3.991085768,n/a,n/a,n/a,4.556573499,n/a,n/a,n/a,n/a,n/a,n/a,n/a,2.083545973
178,Clothing Shoes and Jewelry,2,5,TRUE,A1GVI6LRK2V939,1936023857,great school tool,label,1405382400,4.024143425,n/a,n/a,n/a,4.151604555,n/a,n/a,n/a,n/a,n/a,n/a,n/a,2.103541128
179,Clothing Shoes and Jewelry,3,4,TRUE,A26XAU1J14SJF7,1936023857,name tag worked well older feel young used th high school reunion everyone loved complaint came loose due glue sticky enough,name tag,1400889600,4.078983292,2.624234044,1.822803764,n/a,3.347811495,n/a,n/a,n/a,n/a,n/a,n/a,n/a,2.700864492
180,Clothing Shoes and Jewelry,4,5,TRUE,A1JT7I3TIHYR59,1936023857,love sticker even better child used run party child shelter anything cheery bright welcome addition use name tag party rather standard hello name sticker great stay,terrific,1398556800,3.415481592,2.805518313,2.419352167,n/a,4.618523931,n/a,n/a,n/a,n/a,4.55111477,n/a,n/a,3.372414132
181,Clothing Shoes and Jewelry,5,4,TRUE,A11NQQFYATSS1D,1936023857,rarely use name tag sometimes needed child would also good use school reunion adult cute colorful use mainly bookplate teacher able use many creative way,carson dellosa name tag,1387584000,4.252031128,2.128521777,2.278932066,n/a,n/a,n/a,n/a,n/a,3.886231884,3.916188473,n/a,n/a,3.169582961
182,Clothing Shoes and Jewelry,6,5,TRUE,AH2754PTUBVLJ,1936023857,love cuteness kid show diversity child ordering another pack hand,perfect back school,1373846400,4.10575199,n/a,n/a,n/a,n/a,n/a,n/a,n/a,n/a,4.691602192,n/a,n/a,3.283448531
183,Clothing Shoes and Jewelry,7,5,TRUE,A3LKOBYFGX72KV,1936023857,used child family reunion happy little kid put back would take big hit plan get next year,adorable,1360972800,3.888494424,2.744531244,2.633314512,n/a,3.279763229,n/a,n/a,n/a,n/a,n/a,n/a,n/a,3.215343547
184,Clothing Shoes and Jewelry,8,4,TRUE,A1VU1HCJ6X5G3G,1936023857,read kid local preschool like give name tag first week get know like name tag different week usually print name clear label apply label name tag barely fit tag intend write name tag fine stuck kid shirt without problem came easily well,cute little bit small,1358985600,4.024143425,2.142216102,2.332196735,n/a,3.382033073,3.185541139,n/a,n/a,n/a,n/a,n/a,n/a,3.212247368
185,Clothing Shoes and Jewelry,10,5,TRUE,A10NH72GQQNOTX,512005322X,got blue one sexy fit great,sexy fit great,1458172800,3.852509015,n/a,n/a,n/a,4.223188406,n/a,n/a,n/a,n/a,3.31849902,n/a,n/a,2.179889512
186,Clothing Shoes and Jewelry,11,5,TRUE,AAQK0JS7S7S1V,512005322X,good quality,five star,1457568000,3.912204893,n/a,n/a,n/a,n/a,3.900592662,n/a,n/a,n/a,n/a,n/a,n/a,1.345553544
187,Clothing Shoes and Jewelry,12,5,TRUE,A1X3NBRYDBRN67,512005322X,good fit love,five star,1457395200,4.004719277,n/a,n/a,n/a,n/a,3.956358328,n/a,n/a,n/a,n/a,n/a,n/a,2.269053859
188,Clothing Shoes and Jewelry,13,5,TRUE,A3TVOTJCH6Z5U7,512005322X,gift wife loved much buy seller,loved much,1456704000,4.026437098,n/a,n/a,n/a,n/a,n/a,3.507910628,n/a,n/a,n/a,n/a,n/a,3.178484254
189,Clothing Shoes and Jewelry,14,2,TRUE,AX72LQO46Z2AG,512005322X,product sheer hardly detect skin fabric almost dense tights sexy,product sheer hardly,1456444800,3.817586489,n/a,n/a,n/a,n/a,n/a,n/a,n/a,n/a,3.45340937,n/a,n/a,3.056579916
190,Clothing Shoes and Jewelry,15,5,FALSE,A13ZEIOOEUQ09D,512005322X,would look great fiance,love stocking,1454025600,4.57127016,n/a,n/a,n/a,n/a,n/a,n/a,n/a,n/a,n/a,n/a,n/a,1.207604673
191,Clothing Shoes and Jewelry,16,5,FALSE,A80TXV9F8ORDA,512005322X,div input hidden http input hidden http nbsp absolutely love thigh high husband getting brainer there two thing absolutely ruin thigh high first nylon material cheap quality even get snag thigh high sheer material worried would easily rip get run able successfully put wear hour rip run obviously still nylon indestructible cheaply made going run soon put thing ruin thigh high elastic band top doesnt keep thigh high necessarily want world knowing im wearing thigh high want tug stay well there plenty elastic keep place constantly adjust im definitely pleased thigh high received product free exchange honest unbiased review,thigh high stay place,1453593600,3.876169282,1.96182157,1.690668839,1.722222222,2.969815246,3.926527362,n/a,n/a,n/a,n/a,n/a,n/a,3.070713457
192,Clothing Shoes and Jewelry,17,5,FALSE,A15PB5QABNV5NO,512005322X,wonderful stocking yes actually stay ride leg like many stocking silicone band keep place without cutting circulation leg quality excellent perfect everyday use love lace detail set apart regular thigh high cant go wrong veneziana brand received discount honest review,brown lace stocking,1453507200,4.131935924,2.171959257,1.928866013,1.333333333,3.718082818,3.820471453,n/a,n/a,n/a,3.128437318,n/a,n/a,3.020711157
193,Clothing Shoes and Jewelry,18,5,FALSE,A2K0X3AHVEP6IT,512005322X,div input hidden http input hidden http nbsp like love stocking well something love wear absolutely fabulous look amazing high quality extremely well made wo find better far concerned really great elastic top keep place stretch like cheaper made stocking navy color wonderful lace top add nylon well made run tear like cheaper version owned make feel sexy comfortable wear highly impressed everything stocking quality price grantee going love much partner life looking something like gift found product highly recommend fantastic stocking received product discount honest review unbiased review,like love stocking,1453334400,3.506996708,3.765599321,2.13197573,1.888888889,4.394377359,4.247787424,n/a,n/a,n/a,4.619115618,n/a,n/a,3.223208782
195,Digital Music,0,5,TRUE,A1ZCPG3D3HGRSS,1388703,great cd full worship favorite time great keith green song best album far,great worship cd,1387670400,3.930557484,2.391657203,1.292848912,n/a,n/a,4.837876512,n/a,n/a,n/a,4.150738188,n/a,3.833333333,2.928717158
196,Digital Music,1,5,TRUE,AC2PL52NKPL29,1388703,creative love music word message favorite song cd bought year ago,got ta listen,1378857600,3.454015374,2.807524158,3.023395445,n/a,n/a,4.078838882,n/a,n/a,n/a,4.159468637,n/a,n/a,2.691230071
197,Digital Music,2,5,TRUE,A1SUZXBDZSDQ3A,1388703,keith green gone far early carreer left u golden alblums bless u let u see sync world veiw say language modern world lp alblums look ammples wee talking god bless,great approach still get message,1362182400,4.026437098,n/a,n/a,n/a,n/a,4.09610235,n/a,n/a,n/a,n/a,n/a,3.166666667,2.979188704
198,Digital Music,3,5,TRUE,A3A0W7FZXM0IZW,1388703,keith green special comedy style chirstian music powerful message came quickly packaged well would purchase vendor,great must,1354406400,4.315954568,n/a,n/a,n/a,n/a,3.915389626,n/a,n/a,n/a,n/a,n/a,3,2.47719753
199,Digital Music,4,5,FALSE,A12R54MKO17TW0,1388703,keith green wan na go back egypt album keith get serious message across best example wonderful humor bob dylan play harmonica album five star,great one keith guest appearance bob dylan,1325894400,4.183674777,n/a,n/a,n/a,n/a,3.183661802,n/a,n/a,n/a,n/a,n/a,n/a,2.365195495
200,Digital Music,5,5,FALSE,A25ZT87OMIPLNX,1388703,clever inspired moving great album one finest christian artist ever god took home early leaving u great message music keith green make bible lesson come life music,awsome,1247011200,3.852509015,n/a,n/a,n/a,n/a,4.831323613,n/a,n/a,n/a,n/a,n/a,4.5,2.926349145
201,Digital Music,7,5,FALSE,AT7OB43GHKIUA,1388703,keith green bit legend christian circle music profoundly influenced many christian band singer pastor leader throughout though died early plane crash believe two four kid board continues make keith green mesmerizing many listener today heartfelt passion jesus church undeniable quality hear sings also lyric penned green versatile musician enormous breath style however lack scope make spade come relevancy christian fickle behavior selfishness apart love christ need grace mercy given frailty shortcoming music listened long enough individual nag conscience others create even bring knee prayer green sound genuine lived sincere passionate life christ knack finding right word resonated still many christian given current shallow teaching many christian circle weakness novel colorful vogue true sensible work keith green indeed remain timely current age especially among protestant evangelicals,heartfelt passionate funny green masterful,1209859200,3.888494424,n/a,n/a,n/a,n/a,3.329051812,n/a,n/a,n/a,n/a,n/a,5,3.079486031
202,Digital Music,6,1,FALSE,A3NVGWKHLULDHR,1388703,tape hardly understood listed sale good bad,shame shame,1242259200,4.145002273,n/a,n/a,n/a,1.926992012,n/a,n/a,n/a,n/a,n/a,n/a,n/a,2.600216612
203,Digital Music,8,5,TRUE,A1H3X1TW6Y7HD8,1388703,pleased,five star,1442534400,4.078983292,n/a,n/a,n/a,n/a,n/a,n/a,n/a,n/a,n/a,n/a,n/a,1.060242579
204,Digital Music,9,1,TRUE,AZ3T21W6CW0MW,1388703,buy cd buy album download longer available find purchased,buy cd buy,1431648000,3.930557484,n/a,n/a,n/a,1.876250323,n/a,n/a,n/a,n/a,n/a,n/a,n/a,3.569978533
205,Digital Music,10,5,TRUE,A2W6V65OFOZ12M,1388703,take back childhood,love,1426204800,3.978171625,n/a,n/a,n/a,n/a,n/a,n/a,n/a,n/a,n/a,n/a,n/a,3.54983987
206,Digital Music,11,5,TRUE,A1DOF5GHOWGMW6,1388703,ever go wrong keith green nothing god gave awesome gift writing music wish god taken home young imangine beautiful song would written,love,1415059200,3.836861112,n/a,n/a,n/a,n/a,n/a,n/a,n/a,n/a,n/a,n/a,n/a,1.306971829
207,Digital Music,12,5,TRUE,A4V08BR7LZ6D9,1388703,always favorite keith green album song great big keith green fan met several year ago played concert san bernardino high school auditorium church sponsored concert impressed humility energy ministry great album special one highly recommended,wan na go back egypt keith green,1413072000,3.765244622,n/a,n/a,1.305555556,n/a,4.160913811,n/a,n/a,n/a,n/a,n/a,n/a,2.095603078
208,Digital Music,13,5,TRUE,AJO3UG6FR5C7R,1388703,keith green true gift god music still touching people heart today like still alive song scripture set music lyric,music still touching people heart today like still alive,1411430400,3.861805723,n/a,n/a,n/a,n/a,n/a,n/a,n/a,n/a,n/a,n/a,3,3.15991409
209,Digital Music,14,4,TRUE,A106GSY0H5E2R4,1388703,favorite cd back collection,wonderful collection keith green music,1408924800,4.498394013,n/a,n/a,n/a,n/a,n/a,n/a,n/a,n/a,3.488285813,n/a,n/a,1.258342075
210,Digital Music,15,3,TRUE,A33D2MKED6ZENS,1388703,cd original protective packaging make think used instead new advertised,review want go back egypt,1401062400,3.563240669,n/a,n/a,n/a,n/a,4.208891701,n/a,n/a,n/a,n/a,n/a,n/a,3.110390545
211,Digital Music,16,5,TRUE,A27P44I54RUMDC,1388703,passion ingenuity green music unique love energy cd clever lyric,one like keith green,1397520000,4.689294845,n/a,n/a,n/a,n/a,4.434611822,n/a,n/a,n/a,4.623653943,n/a,n/a,3.000849484
212,Digital Music,17,5,TRUE,A2A3M3HVVGT9XY,1388703,keith music timeless message since death keep spirit beyond grave keith eternal treasure earth amazing shake hand let know much earthly gift music meant glory,never get old,1393286400,3.471378073,n/a,n/a,n/a,n/a,4.134581912,n/a,n/a,n/a,n/a,n/a,n/a,2.663770135
213,Digital Music,18,5,TRUE,A1Y5KPIJBBIJ1G,760131694,parent one album little favorite song cd happy music home share child rise still one best song ever heard brings tear eye time thankful known dallas holm song whole life,loved music whole life literally,1445299200,4.024151863,2.204978198,2.074329428,n/a,n/a,4.516889238,n/a,n/a,n/a,4.50423906,n/a,n/a,2.882518946
214,Digital Music,19,5,TRUE,A3GASVNA99WBTN,760131694,cd excellent delivery timely,five star,1431993600,4.062698627,n/a,n/a,n/a,n/a,n/a,n/a,n/a,n/a,n/a,n/a,n/a,1.324121711
216,Electronics,0,5,TRUE,A1N070NS9CJQ2I,60009810,first time read came upon name book live regis kelly book exactly looking hit spot really enjoyed book well written started book kept coming back culture family friendship romance looking little romance picked book end turned right love main chartachter margarita aka daisy never miami way daisy told story certainly felt also going daisy peril closed book feeling grown emotionally well,hit spot,1026864000,3.836861112,n/a,n/a,n/a,n/a,3.636325492,n/a,n/a,n/a,n/a,n/a,n/a,3.184163609
217,Electronics,1,5,FALSE,A3P0KRKOBQK1KN,60009810,book think must read impossible put successful deviation past lupe solano essence excitement local color diverse fabric miami sensual culturally enlightened,one hot summer hot hot hot,1025913600,3.747916334,n/a,n/a,1.055555556,n/a,3.021058118,n/a,n/a,n/a,n/a,n/a,n/a,3.393732995
218,Electronics,2,5,FALSE,A192HO2ICJ75VU,60009810,read m aguilera work finished one hot summer going check lupe solano series heard much one hot summer sooo steamy made want move miami could put book,one hot summer,1025654400,4.131935924,n/a,n/a,n/a,n/a,n/a,n/a,n/a,n/a,n/a,n/a,n/a,2.877842249
219,Electronics,3,4,FALSE,A2T278FKFL3BLT,60009810,romance novel right rest amazing mystery novel guy little hesitant reading romance novel give book shot huge fan book honest absolutely loved book love way present funky miami crazy cuban book book superb job book ca wait till next book got ta read book,love book,1025395200,3.852509015,n/a,n/a,1.944444444,n/a,3.335629035,n/a,n/a,n/a,n/a,n/a,n/a,3.482423682
220,Electronics,4,5,FALSE,A2ZUXVTW8RXBXW,60009810,carolina garcia aguilera done written another highly enjoyable book infused right amount tidbit family put book start one let,one hot book,1025222400,4.145002273,n/a,n/a,1.805555556,n/a,n/a,n/a,n/a,n/a,n/a,n/a,n/a,3.525404182
221,Electronics,5,4,FALSE,A21JDG4HA6OLPF,60009810,write mystery sure write love story one hot summer read could put,carolina,1024963200,2.641507983,n/a,n/a,1.111111111,n/a,3.192833004,n/a,n/a,n/a,n/a,n/a,n/a,3.313778074
222,Electronics,6,5,FALSE,A2NCADLQY962YD,60009810,written book ca put read love picked romance eager anticipation disappointed main character margarita easily likeable make trial face much intriguing sometimes want yell book tell margarita author measured development plot keep turning page way end mix interesting take cuban exile politics humorous insight world around margarita picture wild steamy miami complete another winner,mystery romance,1024704000,3.930557484,4.940869565,4.836050725,1.194444444,3.977777025,3.402293347,n/a,n/a,n/a,4.6963769,n/a,n/a,3.231484454
223,Electronics,7,5,FALSE,A2SL45WQVB3B5G,70524076,best fastest service top seller spent additional money shipping thank john carter daughter really appreciate god bless,college physic,1156377600,4.053118863,n/a,n/a,n/a,n/a,3.079284906,n/a,n/a,n/a,n/a,n/a,n/a,3.553742685
224,Electronics,8,4,FALSE,AG35NEEFCMQVR,70524076,well artwork book certainly gorgeous pleasure read uncertain distinctive text really providing unique advantageous insight university undergraduate struggling physic course say material wrong poorly written clearly author distilled lot effort composing text assembling diverse set problem example often chosen pique reader interest invoking real life situation might germane biggest problem book face several long standing physic text deep edition mindshare difficult thing acquire circumstance,competing crowded market,1108339200,2.641507983,4.120579859,2.809953145,n/a,3.405915662,2.858987786,n/a,n/a,n/a,3.842019163,n/a,n/a,3.81957818
225,Electronics,9,4,TRUE,A171K1UOL11JMD,70524076,thought book fine use much thought example basic least teacher gave u difficult problem wish book example,college physic,1407801600,3.995260793,2.997690413,1.808360566,1.916666667,2.463676072,2.515794088,n/a,n/a,n/a,n/a,n/a,n/a,2.772952921
226,Electronics,10,4,TRUE,A27HAOA8O7HZ81,70524076,return book two week ago know got message saying textbook rental due soon please let know problem,return,1399939200,3.419904114,n/a,n/a,n/a,n/a,n/a,n/a,n/a,n/a,n/a,n/a,n/a,1.20419045
227,Electronics,11,5,FALSE,A3LZSLF818WPIO,70524076,book perfect condition expected renting textbook think overall good choice rent,rented book expected,1393113600,4.739149917,4.047645023,1.996135903,n/a,3.190777346,3.199699277,n/a,n/a,n/a,3.746489118,n/a,n/a,3.157349118
228,Electronics,12,3,TRUE,A3T80FWJ20CWCW,70524076,required text selected semester basic physic course college course made biology architecture student u calculus many u biology major yet taken calculus found book bit difficult understand relies much math formula without enough picture graphic description problem back every chapter good found text helpful seems good book right choice basic college physic course,little overkill basic physic course,1362355200,4.252031128,4.710685587,1.622890667,n/a,3.055905462,3.24821459,n/a,n/a,n/a,2.01065649,n/a,n/a,3.119650172
229,Electronics,13,1,TRUE,A3D9CW64TXJVM4,70524076,never came give f bad bad bad bad bad bad would never buy something person,bad bad bad,1354752000,4.134477558,n/a,n/a,n/a,n/a,n/a,n/a,n/a,n/a,n/a,n/a,n/a,1.660978088
230,Electronics,14,4,TRUE,A2S3LIZP1ST3RS,70524076,book really good shape hardcover little bent torn missing really love price bought book buisness,good,1338940800,3.547322921,5,1.657188092,n/a,3.692658017,3.555406812,n/a,n/a,n/a,2.441745961,n/a,n/a,3.014983198
231,Electronics,15,3,TRUE,A5EIRSOASPY0V,70524076,book fine good detail need good teacher able understand material,physic ii,1310256000,4.004719277,4.97826087,1.65557007,n/a,2.813165472,3.163068611,n/a,n/a,n/a,n/a,n/a,n/a,3.024136081
232,Electronics,16,1,FALSE,A2VAEIU0B4MFVH,70524076,ordered book month ago never received unreliable,never received book,1251417600,3.66856794,n/a,n/a,n/a,n/a,2.100852358,n/a,n/a,n/a,n/a,n/a,n/a,3.114246823
233,Electronics,17,5,FALSE,A27JVWU65ZA143,70524076,book arrived time almost perfect worth way paid thank,almost satisfied,1235001600,3.930677379,n/a,n/a,n/a,3.505018507,3.31513313,n/a,n/a,n/a,n/a,n/a,n/a,3.213780967
234,Electronics,18,5,FALSE,A99MTBXJYA1LY,70524076,price solution manual actually text book please highlight make purchase email soon possible email bechband,price text book solution manual,1170288000,3.912204893,n/a,n/a,n/a,n/a,n/a,n/a,n/a,n/a,n/a,n/a,n/a,3.199441694
235,Electronics,19,5,FALSE,A1LMFOG4L6IB08,205291252,great fundamental life basketball overview extreme detail,practical modern basketball,1156291200,3.985678048,4.124809748,2.88118644,n/a,4.822256729,3.880991807,n/a,n/a,n/a,n/a,n/a,n/a,3.244993935
237,Gift Cards,0,1,FALSE,A1R76R4E6A8S3B,B002DN7XS4,joining eca easy enough purchase card like even periodic promotion joining cost nothing pretty great deal right get perk eca membership offer like game purchase er wait got rid free well seemed like great deal many gamers joined time understanding turning memnbership feature would easy radio button member area website turn eca decided auto renew option never site first place way cancel subscription request furthermore ca guarantee request wo misplaced sure fork dough certified mail finally think safe card used soon expire think fast eca decided within right changing expiration date submitted transaction mean mean without jumping hoop card could charged indefinitely eca membership really hope word get irony consumer advocate group pulling stunt like almost good true,tough get,1259971200,2.950481496,n/a,n/a,n/a,1.175257299,1.292858948,n/a,n/a,n/a,n/a,n/a,n/a,3.326221387
238,Gift Cards,1,1,FALSE,A2RT20DNPFZGAF,B002DN7XS4,purchase membership reason hal creator eca famously stated earlier dangerous industry legal jargon constantly changing term instead enforcing supposed belief organization exact thing yet even higher degree pulling shady thing like forcing user mandatory arbitration agreement striping away legal right forcing expired credit card changing date removing line stating could cancel phone stating get notice day subscription end make cancelations yet submit request cancel least day prior end date making change tos notice done without contacting member eca advertises discount exist getting purchase advertised perk joining logging benefit section discount expired coupon borderland way several week request support avoid question stating working new discount control sponsor offer situation made entirely worse eca decided announce sudden autorenew button website never infact worked leaving several week announcement made user would need pay certified mail cancel ridiculous seems go directly ct statute prohibiting activity making difficult cancel user put message eca interested taking money user want put roadblock set cancel say eca removed method canceling account online require credit card signup reason intend everything power prevent user canceling able charge every year reasoning say want paper trail funny considering state going going green instead hal eca taking opportunity reassure member correct pr nightmare hand instead take attacking member statement placing blame everyone eca still avoided important question people waiting answer go forum looking answer met great deal hostility moderator instead offering help answer simply deleted thread threatened ban asking question asked time refusing give actual answer could find get banned asking help eca scam steal money instead fighting consumer advocacy right suppress,purchase membership card eca scam let canel,1259971200,3.852509015,n/a,n/a,n/a,1.028880487,1.011295823,n/a,n/a,n/a,n/a,n/a,n/a,3.421228081
239,Gift Cards,2,1,FALSE,AX9MSC26EYFAN,B002DN7XS4,others mentioned eca shady organization masquerading guise advocacy group gaming right first amendment protection videogames initially group offered number benefit perk membership many offer get one time free trial gamefly best perk dropped greater problem order activate membership required provide credit card number even membership free membership given various promotion make easy become member however make nearly impossible stop member eca charge regular fee get unless cancel member ship specific form written correspondence website help well advance membership due date recently become member suggest begin proceeding cancel keep multiple copy everything send receive might get contract,sorry,1259971200,3.991085768,n/a,n/a,n/a,1.06125942,1.063469736,n/a,n/a,n/a,n/a,n/a,n/a,3.151370332
240,Gift Cards,3,1,FALSE,AQXJRLAWKS1YJ,B002DN7XS4,beware signing eca claim represent best interest gamers sound great paper way treat get credit card file far best interest continuously changed edited term service without asking member new term legitimate organization organization let know tos changed eca term service clearly state time change expiration date credit card card expires change expiration date get hit continue charge fee try simply cancel credit card file stop charging president stated file fraud charge credit card company way cancel membership sending snail mail letter yes sign website easily send letter mail cancel also state confirm receipt cancellation letter meaning lost mail continue charge forum website banned new registrant past day without people even making one post new registration forum also shut time first year membership say inform day left account membership another problem want cancel receive letter mail final day get notice going auto renew another year already late cancel since cancel membership website phone finally simply check better business bureau rating state type business currently rated bbb recently received numerous complaint business issue rating fully evaluated check,beware eca gamers best interest,1259971200,3.876478554,n/a,n/a,n/a,1.0810544,1.101753805,n/a,n/a,n/a,n/a,n/a,n/a,3.338234273
241,Gift Cards,4,1,FALSE,A2D8ZR2CYBU9VQ,B002DN7XS4,joined eca free free trial period planning cancel year renewal ca since took cancel button cool planning calling credit card company revoke charge try,eca trap,1259971200,3.747916334,n/a,n/a,n/a,1.11279104,1.127427591,n/a,n/a,n/a,n/a,n/a,n/a,3.281155491
242,Gift Cards,5,1,FALSE,AO7NQX7ZFYCKC,B002DN7XS4,joined eca thought gamers right stated goal eca noble organization anything membership eca auto renews year recently changed cancellation policy proper notification member change state way cancel membership mail letter absolutely ridiculous day age arcane cancellation process defended eca calling many member wish cancel manner lazy option cancel website email telephone fight gamers right supporting eca way shape form,eca side,1259971200,2.641507983,n/a,n/a,n/a,1.140969565,1.716508592,n/a,n/a,n/a,n/a,n/a,n/a,3.382799857
243,Gift Cards,6,1,FALSE,AI8GES0A82068,B002DN7XS4,gamers unite eca warned membership eca requires credit card file accept automatic yearly renewal way cancel membership written letter via certified mail unacceptable eca acted childishly response criticism policy organization want part decent member benefit discontinued see evidence eca fighting consumer right way,gamers unite indeed,1259971200,3.888494424,n/a,n/a,n/a,1.086704084,1.000426257,n/a,n/a,n/a,n/a,n/a,n/a,3.394180833
244,Gift Cards,7,1,FALSE,A3IY5JGE72HW7F,B002DN7XS4,joined eca discount amazon longer available trying cancel membership send letter eca taken ability cancel online likely huge amount cancellation amazon discount offer little use deceptive practice keep paying member changing date credit card expires,weary membership,1259971200,3.143487459,1.090914877,n/a,n/a,1.138348312,1.115446087,n/a,n/a,n/a,n/a,n/a,n/a,3.617542704
245,Gift Cards,8,5,TRUE,A11STY0MBTDQ4D,B002QFXC7U,bought daughter life oregon boyfriend attend movie great time,regal entertainment group,1313971200,4.053118863,n/a,n/a,n/a,n/a,n/a,3.72826087,n/a,n/a,n/a,3.762681159,n/a,2.898571688
246,Gift Cards,9,1,TRUE,AUYEXPJBIV0IJ,B002QFXC7U,disappointed product son went see harry potter film going use gift card clerk tried use card read empty tried swiping several time change fortunately gift card donating blood would like know card showed nothing,card read empty,1310947200,4.024143425,1.05252581,n/a,n/a,2.005271638,n/a,n/a,n/a,n/a,n/a,n/a,n/a,3.210985902
247,Gift Cards,10,5,TRUE,AIK9G60B69J3C,B002QFXC7U,received card timely manner promised used card prize bridal shower well recieved,pleased card service,1299369600,3.978171625,n/a,n/a,n/a,n/a,n/a,3.62173913,n/a,n/a,n/a,n/a,n/a,3.270415057
248,Gift Cards,11,1,TRUE,A2KWEKW1GPQYGH,B002QFXC7U,never order product order way christmas came christmas u call customer service give u kind excuse know amazon even deal company,never,1294876800,4.032978153,n/a,n/a,n/a,n/a,n/a,n/a,n/a,n/a,n/a,n/a,n/a,2.999958233
249,Gift Cards,12,1,FALSE,A3QUVWJ6DLRISW,B002QFXC7U,order card week christmas gift card never showed day christmas response said ca guarantee delivery christmas would think finally cancelled order could get another response giftcardmall card order cancelled december refund issued yet week later quick take money much give back bad bad bad,giftcardmall stole money card never arrived refund never arrived,1294617600,3.995260793,n/a,n/a,n/a,n/a,n/a,n/a,n/a,n/a,n/a,n/a,n/a,3.08490121
250,Gift Cards,13,1,TRUE,A2D2U0DQTET2OS,B002QFXC7U,item finally arrived however took full week day seller advertises never buy seller,least finally arrived,1292284800,3.991085768,n/a,n/a,n/a,n/a,n/a,n/a,n/a,n/a,n/a,n/a,n/a,3.098974336
251,Gift Cards,14,4,TRUE,A18DFKE96GVH1C,B002QFXC7U,ordered regal movie card use niece nephew towards christmas gift ordered enough time received least week christmas received card week christmas ease ordering line still park paid parking lot stand movie theater line purchase movie card needed holiday gift christmas disappointing service amazon regal card always used past normally purchasing directly theater seems like way go,late holiday,1266624000,2.899498937,n/a,n/a,n/a,n/a,n/a,n/a,n/a,n/a,n/a,n/a,n/a,3.252784513
252,Gift Cards,15,1,FALSE,A26UZNTACFFRJQ,B002QFXC7U,cool gift card paid extra two day delivery card show like day emailed inquire never got response,poor delivery,1265760000,3.838174547,n/a,n/a,n/a,n/a,2.438610971,n/a,n/a,n/a,n/a,n/a,n/a,3.245226476
253,Gift Cards,16,4,TRUE,A3CNSTT3V33AZQ,B002QFXC7U,wanted card christmas happen slow shipment small item,ok,1262908800,4.11345411,n/a,n/a,n/a,n/a,n/a,n/a,n/a,n/a,n/a,n/a,n/a,3.341417181
254,Gift Cards,17,5,FALSE,AMC9LMY0R1H54,B002QFXC7U,bought regal movie gift card many occasion always hit shipped country since many theatre almost always one nearby great easy way get everyone something like,great value easy buy,1258934400,4.57127016,n/a,n/a,n/a,3.972653554,2.924731146,3.253985507,n/a,n/a,n/a,n/a,n/a,3.375752628
255,Gift Cards,18,4,TRUE,A2P3EAL546VFXR,B002YEWXZ0,gift card work like gift card arrived envelope via class mail problem using took one star would allow delivery po box even though delivered u mail,ihop gift card,1294185600,3.852509015,n/a,1.41908692,n/a,2.760551612,2.235036773,n/a,n/a,n/a,n/a,n/a,n/a,3.302339913
256,Gift Cards,19,1,TRUE,A16JK49O7QUM7P,B002YEWXZ0,item never shipped order canceled within hour placing credit card charged month refunded charge replied recent email,avoid company,1282262400,4.026437098,n/a,n/a,n/a,n/a,n/a,n/a,n/a,n/a,n/a,n/a,n/a,3.242651364
258,Grocery and Gourmet Food,0,5,TRUE,ALP49FBWT4I7V,1888861614,pleased purchase look exactly like picture look great cake definitely sparkle,love,1370304000,3.400053935,n/a,n/a,n/a,n/a,3.386518786,n/a,n/a,n/a,4.113313917,n/a,n/a,3.463479876
259,Grocery and Gourmet Food,1,4,TRUE,A1KPIZOCLB9FZ8,1888861614,nicely crafted small going add flower something compensate size,nice small,1400803200,4.032978153,n/a,n/a,n/a,3.006776084,3.180986795,n/a,n/a,n/a,3.558895942,n/a,n/a,3.205458432
260,Grocery and Gourmet Food,2,4,TRUE,A2W0FA06IYAYQE,1888861614,still pretty well made super picky listen whisper look like number,look like kina,1399593600,4.062698627,n/a,n/a,n/a,n/a,3.051464655,n/a,n/a,n/a,3.653207575,n/a,n/a,3.25929192
261,Grocery and Gourmet Food,3,5,TRUE,A2PTZTCH2QUYBC,1888861614,got wedding cake everything even person would recommend anyone,would recommend friend,1397952000,2.641507983,2.29466126,1.502453579,n/a,3.797423866,n/a,n/a,n/a,n/a,n/a,n/a,n/a,3.04084231
262,Grocery and Gourmet Food,4,4,TRUE,A2VNHGJ59N4Z90,1888861614,want put top wedding cake love true picture,topper,1397606400,4.57127016,n/a,n/a,n/a,n/a,n/a,n/a,n/a,n/a,4.607723956,n/a,n/a,3.177938677
263,Grocery and Gourmet Food,5,1,TRUE,ATQL0XOLZNHZ4,1888861614,beautiful however upon checkout informed would saturday latest wedding sunday come monday wedding,shipping disaster,1392940800,2.217391304,n/a,n/a,n/a,n/a,n/a,n/a,n/a,n/a,4.201231316,n/a,n/a,2.667963783
264,Grocery and Gourmet Food,6,5,TRUE,A94ZG5CWN70E7,1888861614,omg inexpensive exactly wanted searched everywhere one best one,great quality product never satisfied,1385856000,3.985678048,n/a,n/a,1.166666667,3.917753678,3.615483989,n/a,n/a,n/a,n/a,n/a,n/a,3.182704356
265,Grocery and Gourmet Food,7,3,TRUE,A3QBT8YC3CZ7C9,1888861614,nice size cake topper sparkley purchase product future source,great buy,1383696000,3.985678048,n/a,n/a,n/a,n/a,3.445314522,n/a,n/a,n/a,3.909760195,n/a,n/a,3.082329406
266,Grocery and Gourmet Food,8,5,TRUE,AGKW3A1RB1YGO,1888861614,perfect wait use wedding cake november good quality right bling,pretty,1380672000,3.930677379,n/a,n/a,n/a,n/a,3.304940069,n/a,n/a,n/a,3.540724984,n/a,n/a,3.267582952
267,Grocery and Gourmet Food,9,5,TRUE,A1B65IWLUVOUQB,1888861614,exactly looking make cake sparkle along strand diamond already cake,perfect,1378425600,3.836861112,n/a,n/a,n/a,3.518033586,n/a,n/a,n/a,n/a,n/a,n/a,n/a,3.112145411
268,Grocery and Gourmet Food,10,5,TRUE,A34SURE2O1LJ4C,1888861614,arrived mail packaged well break pretty well worth money ca wait use wedding cake,pretty,1377129600,4.315954568,n/a,n/a,n/a,3.625484491,n/a,n/a,n/a,n/a,3.894740544,n/a,n/a,3.225605112
269,Grocery and Gourmet Food,11,5,TRUE,A1T5GWYOSDGKRR,6163058011,bought snack mill told would week got two day nice far best flavor kitkat tried careful wind eating whole bag one time subtle green tea flavor pleasant like individually wrapped take go probably order eventually finally run bag price definitely best deal opinion read lot people received melted mine perfect condition could also ordered middle winter looking forward enjoying,delicious,1452816000,3.861805723,2.124627329,1.572101164,n/a,4.19786247,4.456824778,n/a,n/a,n/a,3.820712605,n/a,n/a,3.139617264
270,Grocery and Gourmet Food,12,5,TRUE,A26H5O4OMBCLGA,6163058011,delicious subtle hint green tea overly sweet,subtle hint green tea overly sweet,1451865600,2.999327122,2.144351889,1.356301067,n/a,n/a,3.643478224,n/a,n/a,n/a,3.867560519,n/a,n/a,3.447659217
271,Grocery and Gourmet Food,13,5,TRUE,AQY5NIWTN0U5W,6163058011,delicious af,five star,1451433600,4.11345411,1.848077094,1.428596985,n/a,n/a,n/a,n/a,n/a,n/a,3.965065147,n/a,n/a,2.022245597
272,Grocery and Gourmet Food,14,5,TRUE,A4F2ZGEOJQ2Q1,6163058011,delivery said december received day ago new favorite kit kat,good stuff,1446768000,3.888494424,n/a,n/a,n/a,n/a,n/a,n/a,n/a,n/a,n/a,n/a,n/a,3.089633268
273,Grocery and Gourmet Food,15,5,TRUE,AE55BLDV2I4RN,6163058011,delicious could eat bag one sitting,delicious could eat bag one,1436659200,4.108816987,1.847809147,1.396851808,n/a,n/a,n/a,n/a,n/a,n/a,3.77390135,n/a,n/a,3.248348284
274,Grocery and Gourmet Food,16,5,TRUE,A1Q8XFD63O9PML,6163058011,love took get worth wait guess,five star,1423008000,4.134477558,n/a,n/a,n/a,n/a,n/a,n/a,n/a,n/a,n/a,n/a,n/a,2.164732948
275,Grocery and Gourmet Food,17,5,TRUE,A38DGCCKJ3DL0R,6163058011,green tea kit kat fantastic retailed usa,green tea kit kat mmmmmm,1417392000,3.985678048,n/a,n/a,n/a,n/a,3.041156922,n/a,n/a,n/a,n/a,n/a,n/a,2.961781774
276,Grocery and Gourmet Food,18,5,TRUE,A51KDEPE25XLL,6163058011,green tea maccha kitkat best tasted far kit kat tried many begin dark white milk chocolate shipping time took little bit longer since came way japan however cost best value compare retail local houston japanese store,love,1402617600,2.641507983,n/a,1.379099436,1.111111111,4.106943224,3.27940232,n/a,n/a,n/a,3.816589835,n/a,n/a,3.293064695
277,Grocery and Gourmet Food,19,5,TRUE,A1D0YBUBHNDY51,6163058011,love taste parcel delivered well packed perfect kitkats inside recommend like milky green tea taste delicious,wish eu,1395100800,4.032978153,2.075046569,1.702400169,n/a,n/a,3.714155496,n/a,n/a,n/a,4.623953266,n/a,n/a,3.336256759
279,Home and Kitchen,0,5,TRUE,A8LUWTIPU9CZB,560467893,great product love,five star,1446681600,4.078983292,n/a,n/a,n/a,n/a,n/a,n/a,n/a,n/a,n/a,n/a,n/a,1.958655591
280,Home and Kitchen,1,4,TRUE,AABKIIHAL0L66,560467893,sturdy floating corner shelf mounted tv wall corner room needed shelf cable box product perfect need cut rear corner wire run wall behind shelf issue product look great giving star enclosed instruction helpful thankfully husband good handyman type thing able figure,sturdy shelf poor installation instruction,1446076800,4.498394013,3.492016939,1.853764235,n/a,3.590103374,3.612208407,n/a,n/a,n/a,n/a,n/a,n/a,2.951745051
281,Home and Kitchen,2,3,TRUE,A3DA0KIQ5OBK5C,560467893,purchased shelf look great thought wood guess read thoroughly anyway matter look real nice size looking gave star one shelf coming apart one end used le month way le lb may minor issue bad one others great issue husband going try glue clamp,look great one bad one,1441756800,4.806851781,2.989840953,2.475783823,n/a,3.447412008,2.260195434,n/a,n/a,n/a,3.97196956,n/a,n/a,3.305677525
282,Home and Kitchen,3,1,TRUE,A32IGEYSCMEMOD,560467893,truly wanted like item fell apart installing screwdriver,one star,1440288000,4.024151863,n/a,n/a,n/a,n/a,1.614327044,n/a,n/a,n/a,n/a,n/a,n/a,2.966783264
283,Home and Kitchen,4,3,TRUE,A3B6GKQQ1JJ167,560467893,pretty flimsy job corner square flat shelf probably end level shelf probably going half price,meh,1430956800,4.315954568,n/a,n/a,n/a,2.949221736,2.716078388,n/a,n/a,n/a,n/a,n/a,n/a,3.260792869
284,Home and Kitchen,5,3,TRUE,A2OEROVWM53QR7,560467893,note way shelf mount wall nothing like instruction say difficult figure completely different mounting system picture,mounting instruction need updated,1419984000,4.145002273,n/a,n/a,n/a,2.86436549,n/a,n/a,n/a,n/a,n/a,n/a,n/a,2.891158525
285,Home and Kitchen,6,5,TRUE,A3VKOWFHJUAAHE,560467893,shelf inexpensive hold flatscreen tv without exposed brace,shelf inexpensive hold,1418601600,3.947285982,n/a,n/a,n/a,2.944300452,3.178364708,n/a,n/a,n/a,n/a,n/a,n/a,3.043265347
286,Home and Kitchen,7,2,TRUE,A19CYDS573LII9,560467893,instruction wrong sturdy,two star,1417737600,2.431375264,n/a,n/a,n/a,2.714183063,2.851269724,n/a,n/a,n/a,n/a,n/a,n/a,2.978466564
287,Home and Kitchen,8,1,FALSE,A1TMCLGUVV7F39,752873016,surprised finished reading book asked end series book completely lacked story humor wit associated asterix series udeerzo tried something new mix flying saucer ufo robot super clone fly galactic council similiar one star war important magic potion gaul dismay make good story looked like everytihing fell book,book sky high,1179532800,3.81130811,2.456353367,2.31015302,n/a,n/a,n/a,n/a,n/a,n/a,2.366526318,n/a,n/a,3.188430527
288,Home and Kitchen,9,2,FALSE,A2EDZH51XHFA9B,752873016,albert uderzo asterix falling sky dargaud terribly sure uderzo smoking came one tribute walt disney indomitable gaulish village invaded space alien yes heard right expect punning nothing else made series much fun year found worst book series date,plain bad,1178841600,3.747871414,2.197522497,1.441176517,1.527777778,n/a,1.206444803,n/a,n/a,n/a,1.049199713,n/a,n/a,3.259720267
289,Home and Kitchen,10,1,TRUE,AK690YP01HENW,752873016,rene goscinny storyteller original asterix series albert uderzo illustrator since goscinny demise uderzo taken task unfortunately uderzo storytelling leaf much desired result latest installment asterix adventure including asterix falling sky illustration good used actual story suffered heavily plot nowhere close goscinny could conjure missed subtle sly humor made asterix enjoyable friend growing nevertheless still asterix almost enjoyed reading falling sky actually better opinion asterix secret weapon another affair normally would given star however dismayed figured disparagement certain ethnicity falling sky adventure bad alien complexion facial feature similar people oriental ethnicity dialogue jealous good alien represented popular disney character name anagram walt disney figure society referred bad alien try steal idea technology good alien normally read much thing taken together impossible ignore wave mere coincidence still hoping wrong stereotyping never acceptable creep adventure comic hero especially adventure written century simply reprehensible deeply disappointed forced give single star,missing wit charm old asterix series instead one racist undertone,1170374400,3.369015316,2.133859233,1.776669681,1.222222222,n/a,2.057097045,n/a,n/a,n/a,2.061992297,n/a,n/a,3.198141073
290,Home and Kitchen,11,3,TRUE,A1JZLZGQZ62RSO,752873016,spaceship super clone nice tellytubby looking space alien bad grasshopper looking space alien mediocre story line next asterix obelix travel time new york roman soldier space typical asterix old asterix lover like previous reviewer enjoy one people new asterix obelix buy either since asterix hand asked nine year old thought liked fact uderzo introduced space ship alien story thought different creative liked much liked one already read several time thinking actually point child see differently many like stuff monster science fiction fighting clone nine year old maybe would like give new generation voice gave three star end regret buying,asterix future,1165968000,2.903143652,2.282002076,4.399249482,1.888888889,2.441840362,n/a,n/a,n/a,n/a,n/a,n/a,n/a,2.773508602
291,Home and Kitchen,12,2,FALSE,A207IYGZTAF0DS,752873016,certainly odd entry asterix saga perhaps uderzo running idea since needed introduce alien story mildly interesting although moment point reach level old adventure art great always though wish could give star since possible give two star asterix adventure deserve star always great fun kid adult one probably appeal kid usually great adventure full humour one neither still think awful reviewer seems think good enough kill time asterix fan might want check high expectation albert udernzo would happen read please put heart story next time ca come better story please hire writer,asterix album appeal mostly child,1163721600,3.466335738,2.779677704,2.011224004,n/a,n/a,2.332829792,n/a,n/a,n/a,3.954197947,n/a,n/a,2.781905741
292,Home and Kitchen,16,1,FALSE,A3JBV5WXXGC22I,752873016,one simple advice buy wrecking brain ca even begin imagine albert uderzo put market utterly disappointed asterix fighting alien alien cloned superman oh come ridiculous want asterix fine go ahead read one classic adventure interested european comic great buy tintin enjoy lucky luke fun smurfs look copy karl stay away falling sky seems fallen right creator head like wrote review original french edition latest installment asterix series longer asterix come known past decade something weired,asterix,1130976000,3.785643517,2.06497808,1.986242604,1.277777778,1.492112575,1.070819632,n/a,n/a,n/a,1.003881988,n/a,n/a,3.152885884
293,Home and Kitchen,15,1,FALSE,A1G9FX1KV45N41,752873016,grown asterix must agree reviewer asterix falling sky abysmal offering nothing like asterix grown loved year story historic classic allusion characterize asterix album real wit full thing place asterix year ago reviewing asterix obelix sea wrote time coming uderzo lay pen one prof right even though uderzo produced excellent asterix album asterix black gold asterix flying carpet simply see anything worthwhile falling sky,wrote,1146182400,3.735763949,2.137481736,2.910017096,2.138888889,2.830714652,2.584770325,n/a,n/a,n/a,3.507041212,n/a,n/a,3.440785692
294,Home and Kitchen,14,1,FALSE,A8FJ46175HC7W,752873016,massive asterix fan since childhood heard new book work excited prospect another asterix book perhaps last hoped new comic book would prove better last asterix actress mediocre attempt recycle classic asterix character adding unnecessary family element judging cover falling sky anticipated would really good read wrong first main character bystander story watching good alien creature battle bad one plot story book reflect albert uderzo animation prejudice obvious antagonism towards japanimation book compare asterix classic brought joy many book like asterix cleopatra asterix laurel wreath great many level even albert uderzo solo asterix work although good one done goscinny really good newcomer world asterix start book lifelong fan like ruin image asterix reading,sorely disappointed,1154217600,3.170656712,2.193114908,2.245401994,1.888888889,1.762499451,1.31026953,n/a,n/a,n/a,n/a,n/a,n/a,3.549941164
295,Home and Kitchen,13,1,FALSE,A1EF9XSZSNUCMY,752873016,agree everything written preview reviewer worst asterix book far know one never desire read story well really much story asterix villager secondary character best background sad series without exaggeration best child book series ever even book goscinny death post asterix belgium fairly good redeeming part one however truly redeeming quality uderzo wonderful cartoonist asterix always much pretty picture say favor buy asterix book particulary one written goscinny already million time good take pas asterix falling star depress,end asterix,1162339200,3.728987983,2.234249479,1.746367399,2.944444444,1.731083682,1.436606512,n/a,n/a,n/a,2.09245495,n/a,n/a,2.934710116
296,Home and Kitchen,17,2,FALSE,A3B0YNN6NFH18D,752873016,adult asterix fan reading asterix album since year old think know little asterix album least used expected new asterix album much impatience published could get inmediately read forum new asterix album worse album collection got day ago mixed feeling knowed find asterix talking extraterrestrial people even know personage look like arnold character represent u comic represents manga comic many thing still wanted read thinking bad well although also think worse asterix album bad certainly asterix album adult fan think child year old really enjoy uderzo given u beautiful art work also lot enormous drawing order impress child reader story line extraterrestrial people look like u comic arrive gaulish town order confiscate weapon thing happen another extrarrestial race look like manga comic arrive town order steal weapon thing happen bad left earth last page filled garbage beautiful drawing finish think uderzo asterix script good goscinnny one uderzo created story much fantastic goscinny one still deserve respect maybe never another asterix album like better one old history play important role story intelligent produced interesting think better new albumes,good adult asterix fan,1130889600,3.744632462,2.373017158,3.626441156,1.888888889,2.845394862,1.412887739,n/a,n/a,n/a,3.529455467,n/a,n/a,3.046094304
297,Home and Kitchen,18,5,TRUE,A23Q738B8RL36P,752873016,glad stock always big fan asterix obelix adventure life story read view,big fan,1385596800,3.620742782,n/a,n/a,1.805555556,n/a,n/a,n/a,n/a,n/a,n/a,n/a,n/a,2.227602495
298,Home and Kitchen,19,2,FALSE,A2SYCKV9A2SE0F,752873016,spaceship alien unfunny tribute walt disney flat punchlines called flabby punchlines earlier asterix comic disappointing like sea class act latest one truly plumbed depth one could arguably laud author trying something new series alien spaceship absence plot condemns comic slow embarrassingly painful demise new asterix series read asterix caesar gift one fact asterix soothsayer mansion god asterix laurel wreath asterix switzerland among best series plot story dialogue joke running gag richly illustrated panel,yes sky indeed fallen,1373673600,3.747871414,4.655331263,4.798068541,1.888888889,n/a,1.259256438,n/a,n/a,n/a,1.003881988,n/a,n/a,3.046273494
300,Industrial and Scientific,0,4,TRUE,A3HVGZIBEF6BYH,840026080,work great class arrived quickly lucky wifi school working right day needed set class,good price quick delivery,1409270400,3.870916168,2.211315394,n/a,n/a,n/a,3.396125421,n/a,n/a,n/a,n/a,n/a,n/a,3.075348003
301,Industrial and Scientific,1,4,FALSE,AD8SUDIJK9NMQ,840026080,came right away,four star,1408147200,4.800047277,n/a,n/a,n/a,n/a,n/a,n/a,n/a,n/a,n/a,n/a,n/a,2.300591213
302,Industrial and Scientific,2,4,FALSE,AVOMRNO65ZG9R,840026080,satisfactory job compatible kent state university system,four star,1404518400,3.881450082,n/a,1.39201717,n/a,2.841247245,n/a,n/a,n/a,n/a,n/a,n/a,n/a,2.543217772
303,Industrial and Scientific,3,4,TRUE,A3ONGNBZHTJ12H,840026080,needed school bookstore selling much cheaper work fine minus star came partially drained battery used expected,great price,1389139200,2.732756054,2.201031476,n/a,1.194444444,3.30454296,3.13804032,n/a,n/a,n/a,n/a,n/a,n/a,3.221808024
304,Industrial and Scientific,4,5,TRUE,A2TS87ONCSYKDA,840026080,buy responsecard xr large class required take attendance work perfectly problem,work perfectly,1361750400,2.564417075,2.295058633,1.675185264,n/a,2.580229323,n/a,n/a,n/a,n/a,n/a,n/a,n/a,2.873868712
305,Industrial and Scientific,5,4,TRUE,ACOX0U9RFT77F,840026080,product working great really appreciate fast shipping thing product came without working battery hence customer completely satisfied great product,respond card xr review,1352592000,2.32914354,2.169219837,1.85653787,n/a,3.398067633,3.127618811,n/a,n/a,n/a,n/a,n/a,n/a,2.889964418
306,Industrial and Scientific,6,5,TRUE,A2EOWT5GDJYH9F,840026080,ordered turningpoint response card got time sender sent explaining ship late everything convenient good job,good,1327276800,2.353246914,n/a,n/a,n/a,n/a,n/a,n/a,n/a,n/a,n/a,n/a,n/a,2.023678004
307,Industrial and Scientific,7,5,TRUE,A1J9LCRYX71UWG,840026080,got plus shipping sure intentional work intended point buying new one buy used one,work cheap,1326931200,3.645720101,n/a,n/a,n/a,2.658331682,n/a,n/a,n/a,n/a,n/a,n/a,n/a,2.878365511
308,Industrial and Scientific,8,5,TRUE,A2MKA701LFCHIK,840026080,thank much work like charm really needed low price work perfect,college,1298419200,3.539086443,2.180822767,1.342089347,n/a,3.965590929,n/a,n/a,n/a,n/a,n/a,n/a,n/a,3.28926195
309,Industrial and Scientific,9,5,TRUE,A2SKJTRZGNT0BL,1587792052,wiill spinal injection near future helpful thank,five star,1410825600,3.747871414,n/a,n/a,n/a,2.970977938,n/a,n/a,n/a,n/a,n/a,n/a,n/a,1.989779842
310,Industrial and Scientific,10,4,TRUE,A2S0PQT7PC1L5G,1587792052,beautiful accurate wonderfully colored lamination done well starting age mark nerve failed red color crayon child smile every time get closer death pointpilot,l always wanted anatomy chart,1400630400,3.494453205,2.794375198,1.56829098,n/a,3.463812183,3.175258828,n/a,n/a,n/a,4.630886745,n/a,n/a,3.054515468
311,Industrial and Scientific,11,5,TRUE,A3D094QAL563HR,1587792052,use chart explain client pain generates easier heal,good visual,1400544000,4.702173913,2.234022508,2.54525945,n/a,3.197718724,n/a,n/a,n/a,n/a,n/a,n/a,n/a,3.302702874
312,Industrial and Scientific,12,5,TRUE,A2P1LEGBWQW6AO,1587792052,great glance learning tool hanging massage office like,excellent learning tool,1388448000,3.494453205,2.199807337,2.189466739,n/a,4.69057971,n/a,n/a,n/a,n/a,3.892002693,n/a,n/a,3.101057712
313,Industrial and Scientific,13,4,TRUE,A35O2YQ904397B,1587792052,quite good chart could little clearer cutaneous nerve distribution perhaps colour coding would appropriate,spinal nerve anatomical chart,1388275200,2.688552335,n/a,n/a,n/a,2.991781784,n/a,n/a,n/a,n/a,3.356781863,n/a,n/a,3.283552905
314,Industrial and Scientific,14,5,TRUE,ASIQTLDH2CUB8,1587792052,mmt always referring back chart hang therapy room go well muscle bone ligament chart although looking chart show effect body organ system issue spine,useful,1377648000,3.494453205,1.921456446,2.659010817,n/a,3.072800649,3.184839545,n/a,n/a,n/a,n/a,n/a,n/a,3.11102568
315,Industrial and Scientific,15,5,TRUE,A1NHKVL34LTGN8,1587792052,poster great yoga anatomy class give student way see working body,spinal nerver chart,1356307200,3.81130811,2.035919924,1.540582858,n/a,4.366666667,n/a,n/a,n/a,n/a,n/a,n/a,n/a,3.001761171
316,Industrial and Scientific,16,5,TRUE,A1HSZ9Z17JMKLA,1587792052,shipped well unit work good unit described money work good thank rfriedman,aaaa,1353974400,2.427584685,n/a,n/a,n/a,n/a,n/a,n/a,n/a,n/a,n/a,n/a,n/a,2.965673874
317,Industrial and Scientific,17,5,TRUE,A3ITGFD8NPXU79,1587792052,professional se work wihtout chart explain show detail working whit client show spinalnervs dermatoms spinalnervs queit right dough still good enough help clinical work eplaining client,perfect job,1346716800,3.539086443,2.48226078,n/a,n/a,3.362148407,n/a,n/a,n/a,n/a,n/a,n/a,n/a,3.190407459
318,Industrial and Scientific,18,5,TRUE,A2RXHXRCV7XU1B,1587792052,great chart understanding nervous system radicular pain lumbar spine helpful tracing leg pain coming,excellent medical chart,1284163200,2.903143652,n/a,1.78265842,n/a,4.737318841,n/a,n/a,n/a,n/a,n/a,n/a,n/a,3.125318651
319,Industrial and Scientific,19,5,TRUE,A3IDTICLWB65G,1587792052,arrived time expected,five star,1492473600,2.431375264,n/a,n/a,n/a,n/a,n/a,n/a,n/a,n/a,n/a,n/a,n/a,1.462237647
320,Kindle Store,0,4,FALSE,AB0L92V0JN121,B000FA64QO,ylesia good short story fan njo series read especially since refer back event later however buy paperback version star star get free well short story recovery pay twice want recovery well pay,good story,1322524800,2.431375264,n/a,n/a,1.888888889,2.241233297,3.664397494,n/a,n/a,n/a,n/a,n/a,n/a,3.11879122
321,Kindle Store,1,4,TRUE,A1TD3CY4L3SMHV,B000FA64QO,book filler piece tying main novel new jedi order found enjoyable told bit side story giving reader better understanding machination yuzhan vong war without relying heavily main character,good filler book,1309392000,2.32914354,2.217970616,1.62351826,n/a,n/a,n/a,n/a,n/a,n/a,3.175587679,n/a,n/a,3.312731968
322,Kindle Store,2,4,TRUE,AQZH7YTWQPOBE,B000FA64QO,new jedi order book focus solo kid extent viewed jacen book jania book novella ylesia anything book starring thrackan thrackan forcibly recruited yuuzhan vong become president peace brigade republic however new republic force also choose attack ylesia nothing new terribly exciting novel nice side story written similar style nbsp destiny way star war new jedi order book surprising author short story actually take place novel recommend reading novel first ylesia spoil surprise,thrackan story,1305590400,3.81130811,n/a,2.099862238,1.805555556,3.188331255,n/a,n/a,n/a,n/a,3.177369225,n/a,n/a,3.29001684
323,Kindle Store,3,5,TRUE,A1ZT7WV0ZUA0OJ,B000FA64QO,hoping find one book form story look like good get far series,collection,1390780800,3.645720101,n/a,n/a,n/a,n/a,n/a,n/a,n/a,n/a,n/a,n/a,n/a,3.168073962
324,Kindle Store,4,5,TRUE,A3O71TSZWGVPJR,B000FA64QO,long time since read new jedi order series ylesia delievered good filler story line especially liked thrackan make appearance also display jaina jacen different path destiny good story,good filler,1379289600,3.425510661,2.132991229,1.337805264,1.277777778,4.265059916,3.65786413,n/a,n/a,n/a,2.887218148,n/a,n/a,3.091856852
325,Kindle Store,5,5,TRUE,A2HNZOJ6ACR0FT,B000FA64QO,great read serious star war fan would recommend friend need clean book like,fantastic,1374710400,3.466335738,n/a,n/a,n/a,n/a,3.110147278,n/a,n/a,n/a,n/a,n/a,n/a,3.180565089
326,Kindle Store,6,2,TRUE,A19T7R8I566N5Y,B000FA64QO,book supposed made paper ink reading short story several year release certainly help recount njo book going probably could gone many year without reading loss,really hate,1365984000,3.369015316,n/a,n/a,n/a,2.269083869,n/a,n/a,n/a,n/a,n/a,n/a,n/a,2.49262458
327,Kindle Store,7,4,FALSE,A3O046NJL36GEC,B000FA64QO,good novel importantly available free star war website need purchase ylesia originally supposed attached add destiny way accidently published destiny way first batch result star war offer book free website,available free,1356480000,3.744632462,n/a,n/a,n/a,1.366153185,3.512881663,n/a,n/a,n/a,3.18451424,n/a,n/a,3.00414244
328,Kindle Store,8,3,TRUE,A26NP5RS2A4BNN,B000FA64QO,realizing short story full novel wonder written story center galactac alliance attempt take peace brigade headquarters located ylesia includes usual fight yuuzhan vong galactic alliance able score quick hit run victory accomplishes capture thracken althoguh development bearing next novel trying read entire new jedi order series one really appear contribute anything vital te continuation overall story,really add anything overall story,1355875200,3.494453205,n/a,n/a,1.916666667,1.54831091,n/a,n/a,n/a,n/a,1.07218108,n/a,n/a,3.109850929
329,Kindle Store,9,5,TRUE,A5I18804R1EIA,B000FA64QO,product arrived promptly advertised condition happy vendor would recommend friend family,excellent,1355356800,3.466335738,n/a,n/a,n/a,n/a,3.402180385,n/a,n/a,n/a,n/a,n/a,n/a,2.972193273
330,Kindle Store,10,3,TRUE,A22CW0ZHY3NJH8,B000FA64QO,event ylesia take place destiny way read destiny way see mentioned passing jaina jacen go ylesia fight peace brigade show good align enemy page page battle scene endless one huge chapter like chapter cut good reason ylesia advance destiny way new jedi order way could tell learn anything new insight skipped would missed anything mind reading pdf ylesia available free del rey google see linked wayback machine still,one huge chapter,1344297600,2.903143652,n/a,n/a,1.25,2.213878196,n/a,n/a,n/a,n/a,2.895335079,n/a,n/a,3.235840995
331,Kindle Store,11,4,FALSE,A2QW0IMOX4EULQ,B000FA64QO,story ylesia take place event destiny way though without knowing information reading would never know ebook plot revolves loosely around jacen reunited trying fit back among new republic disappointingly williams work little character development seen jacen traitor jacen vongsense utilized story nearly directly contradicted another scene earlier novella jaina also suddenly seem use trickster goddess repertoire anymore little disconcerting seemingly minor discrepancy seemed little troublesome reading probably drawback story timing may lot however destiny way written year ago possibly traitor gone final draft publishing deadline schedule strange sometimes however give benefit doubt williams believe story written destiny way completed small part overall story small page count leave room lot character development sure rest story easily make minor problem though mildly impressive overall length ylesia likely equivalent written page text story flow well never really drag verbiage also quite good particular noticeable effect classifying outstanding fiction would difficult calling good writing ebook indication destiny way worth money event contained within necessarily reading experience one thing sure though blowing ylesia afternoon destiny way fast enjoyable read,ylesia,1343433600,3.269602162,n/a,n/a,n/a,n/a,n/a,n/a,n/a,n/a,n/a,n/a,n/a,3.226126991
332,Kindle Store,12,2,FALSE,A3SZMGJMV0G16C,B000FA64QO,ylesia novella originally published form walter jon williams get opportunity insert story novel destiny way event ylesia take place midway book good read tackle immediately finishing destiny way novella follows new republic mission titular planet serving capital traitorous peace brigade house attempt senate peace brigade promote capitulation yuuzhan vong served human counterpoint effort jedi heroic member new republic throughout new jedi order logical part story one found terribly interesting rarely get anything told making rather cardboard adversary yleisa brings back thracken entertaining plotline see forcibly installed president peace brigade fit well plan better galactic situation display knack adaption survival unlike famous cousin han solo ylesia major source drug spice star war galaxy familiar reader crispin han solo trilogy nice see return part yleisa advance story destiny way much primarily delivers closure peace brigade subplot memorable aspect space battle ground assault material following new republic invasion system felt like material read awful lot time ylesia solid enough little story would recommend someone going entire new jedi order wanting little,minor new jedi order side story,1331769600,3.81130811,n/a,n/a,1.555555556,n/a,n/a,n/a,n/a,n/a,n/a,n/a,n/a,3.323497362
333,Kindle Store,13,5,TRUE,A1DJE81CQ9UAMN,B000FA65ZY,avid reader author work found series short story quite entertaining looking good read interested western novella wo find better story teller louis book serve great introduction work believe disappointed,lit shuck texas,1355875200,3.466335738,n/a,n/a,2.055555556,n/a,n/a,n/a,n/a,n/a,3.008581236,n/a,n/a,3.036684722
334,Kindle Store,14,5,TRUE,A33D2NXM8BXNIL,B000FA65ZY,louis lamour greatest western writer come along long life time another goooooood one,great book,1355529600,3.539086443,n/a,n/a,n/a,n/a,n/a,n/a,n/a,n/a,n/a,n/a,n/a,2.607282611
335,Kindle Store,15,5,TRUE,A1XCLQ15M4JSRM,B000FA65ZY,nice story quick read louis never disappoints short story grab attention keep moving end,easy read,1354579200,3.744632462,n/a,n/a,n/a,n/a,3.737316798,n/a,n/a,n/a,n/a,n/a,n/a,3.188155942
336,Kindle Store,16,5,TRUE,A1F3KF1FV6I6Q6,B000FA65ZY,kindle book entertained short trip took course louis came short story like knew would,louis lit shuck texas,1337558400,3.881450082,n/a,n/a,n/a,n/a,n/a,n/a,n/a,n/a,3.41956087,n/a,n/a,3.242009363
337,Kindle Store,17,5,TRUE,A3K9ZI68KIQ8A5,B000FA65ZY,great book louis book like western love louis,excellent reading,1287100800,3.881450082,n/a,n/a,n/a,n/a,n/a,n/a,n/a,n/a,n/a,n/a,n/a,3.252130311
338,Kindle Store,18,3,TRUE,A3GHOGORO40VQ9,B000FA65ZY,easy reading little time much seems repeat nothing like later book,easy reading,1374019200,2.431375264,n/a,n/a,n/a,2.578310499,n/a,n/a,n/a,n/a,n/a,n/a,n/a,3.301618253
339,Kindle Store,19,5,TRUE,A3LYT69CE52UJ5,B000FA65ZY,l amour tell story west lived wrapping reader knowledge time terrain territory like genre,west,1367193600,3.722337438,n/a,n/a,n/a,n/a,3.214406873,n/a,n/a,n/a,n/a,n/a,n/a,3.209315752
341,Luxury Beauty,0,5,FALSE,A1SPIHGQULQJ3T,B00005A77F,got best soap gardener dig deep get rid sort grime like wear glove came house bypassed crabtree evelyn soap regular pump soap could understand taking long much work get hand clean light bulb went realized used wrong soap hope never stop making,best soap going,1412035200,3.466335738,2.336663756,1.750011251,1.333333333,3.335843965,3.703529945,n/a,n/a,n/a,n/a,n/a,n/a,3.229400818
342,Luxury Beauty,1,5,FALSE,A3UPCYOO9LU726,B00005A77F,fabulous soap work well smell wonderful last much longer liquid soap buying,real find,1409356800,3.881450082,2.079636579,n/a,1.111111111,3.203351296,3.411896025,n/a,n/a,n/a,3.472450075,n/a,n/a,3.510512722
343,Luxury Beauty,2,5,TRUE,A3F3KHBZHV2UD6,B00005A77F,love soap clean hand great working garden also smell amazing definitely recommend even though little pricey complaint container arrived dented,favorite hand soap,1403481600,3.747871414,2.177044333,1.746852694,n/a,3.198913043,3.363195071,n/a,n/a,n/a,4.121200045,n/a,n/a,3.504775632
344,Luxury Beauty,3,5,TRUE,ACTQ7P7GA1SRX,B00005A77F,favorite soap make hand feel soft love fragrance would highly recommend use every day,feel smell great,1398297600,2.353246914,2.175199618,2.953734589,n/a,n/a,4.325361877,n/a,n/a,n/a,4.115758232,n/a,n/a,3.414980695
345,Luxury Beauty,4,5,TRUE,A3ETRZKHGSONPB,B00005A77F,ca go wrong crabtree evelyn product gift hand soap wonderful love gardener hand cream well,love crabtree evelyn,1392768000,3.369015316,n/a,n/a,1.138888889,n/a,4.234355764,3.730012077,n/a,n/a,n/a,n/a,n/a,3.292789938
346,Luxury Beauty,5,5,TRUE,A2RB7SCAN6O7GK,B00005A77F,gardener liquid hand soap every room sink mild pleasant fragrance enjoy one soap smell hand two foot away sensitive skin normally use unscented product surprisingly product work soap come metal container fluid ounce crabtree evelyn started selling refill make much sense ecologically wish value size larger time found cheaper buy two regular size one value size reorder may case,great sensitive skin,1374364800,2.32914354,2.25032661,2.96168835,n/a,2.614668904,3.154354958,n/a,n/a,n/a,3.38697854,3.903985507,n/a,3.354205714
347,Luxury Beauty,6,4,TRUE,A3TXIN5QWZMHCH,B00005A77F,find soap gentle quite excellent quality finally found soap leave leave behind residue commerical brand plus take shower scent stronger like crabtree evelyn make great quality product love brand soap,good soap,1366588800,3.747871414,2.861266972,1.873028506,1.138888889,n/a,3.985121353,n/a,n/a,n/a,2.738660907,n/a,n/a,3.279550079
348,Luxury Beauty,7,5,TRUE,A1DHFRIZP7GUPW,B00005A77F,great smelling liquid soap using year finding gardener hand cream excellent item nice overly flowery smell,great stuff,1351641600,2.32914354,2.080833887,5,n/a,n/a,n/a,n/a,n/a,n/a,3.610669085,n/a,n/a,3.147818098
349,Luxury Beauty,8,4,TRUE,A1PV9QV1F3A43L,B00005V50C,love product,four star,1407801600,2.353246914,n/a,n/a,n/a,n/a,n/a,n/a,n/a,n/a,4.743230724,n/a,n/a,1.187920957
350,Luxury Beauty,9,2,TRUE,A2WXJF5ZPSV29J,B00005V50C,like condition product sent wet badly damaged spill liquid mouthrinse smelt bad box appeared old used new,supersmile advanced formula mouthrinse ea,1360713600,3.785643517,n/a,n/a,n/a,n/a,2.123437736,n/a,n/a,n/a,n/a,n/a,n/a,3.171226339
351,Luxury Beauty,10,5,TRUE,A1XJX59ZRWAI6N,B00005V50C,started using supersmile packet toothpaste think ever confident smile also exciting brush use often thank supersmile,perfect lunch office,1349222400,2.353246914,2.074666992,1.731276281,n/a,n/a,3.609459742,n/a,3.805555556,3.983902692,n/a,n/a,n/a,3.242346361
352,Luxury Beauty,11,5,TRUE,A2HM64XUH9H1ZL,B00005V50C,buy use exclusively travelling nice able keep oral hygiene without lug around bottle mouthwash primarily water water heavy couple tsa restriction liquid baggage flight powered packet win time personally split package two us pour half powder glass mix water glass think using full concentrated solution like eating baking soda come bad aftertaste half dose bad,super convenient,1342742400,3.722337438,2.03232337,2.938777872,n/a,3.264270741,3.272691595,n/a,n/a,n/a,3.149004389,n/a,n/a,3.218948277
353,Luxury Beauty,12,1,FALSE,A23MYUKGYZZA8R,B00005V50C,real big fan product big whitening teeth thought powder mixture combined whiten teeth get fresh breath one would end favorite case actually using bad made teeth feel really grimy afterwards would actually brush teeth try get rid feeling done using could stand teeth felt like one would recommend received product monthly birchbox,grimy teeth,1330992000,2.431375264,2.037403133,n/a,1.444444444,2.458187107,n/a,n/a,n/a,n/a,2.546661564,n/a,n/a,3.161705272
354,Luxury Beauty,13,5,FALSE,A1FX16U43P8T02,B00005V50C,without brush every meal sometimes possible easy use tear open packet add water content leave mouth feeling fresh clean keep couple time take much space credit card,simply mahvelous,1291420800,3.735763949,1.928377248,1.863952007,n/a,3.198333756,n/a,n/a,n/a,n/a,3.050528195,n/a,n/a,3.306283448
355,Luxury Beauty,14,5,TRUE,A3VEECLFL8GM13,B00005V50C,ok,five star,1456963200,3.785643517,n/a,n/a,n/a,n/a,3.619800662,n/a,n/a,n/a,n/a,n/a,n/a,1.251001382
356,Luxury Beauty,15,5,TRUE,A37QMPIVFZNJU,B00005V50C,good product nice price,five star,1452124800,2.564417075,n/a,n/a,n/a,3.287789417,3.892612329,n/a,n/a,n/a,n/a,n/a,n/a,2.683178054
357,Luxury Beauty,16,5,TRUE,A3E5SDDDFH0WO6,B00005V50C,use travel easy enough fill water use restroom clean feeling,great travel,1442793600,3.735763949,n/a,2.356961476,n/a,3.85053339,3.723106877,n/a,n/a,n/a,3.303352079,n/a,n/a,3.071030928
358,Luxury Beauty,17,5,TRUE,AFZ0BJEG4LEOZ,B00005V50C,great,like,1436227200,2.431375264,n/a,n/a,n/a,n/a,4.11080393,n/a,n/a,n/a,n/a,n/a,n/a,1.166559352
359,Luxury Beauty,18,1,TRUE,A21FB1X9HS7BAY,B00005V50C,disappointed product mix well gritty like rinsing sandy water awful taste,definite,1435968000,4.534088358,2.219569927,1.730678747,n/a,2.491233252,n/a,n/a,n/a,n/a,1.608712218,n/a,n/a,3.088524826
360,Luxury Beauty,19,5,TRUE,A25BOLUVF1R4YJ,B00005V50C,great,five star,1415664000,2.564417075,n/a,n/a,n/a,n/a,4.422162811,n/a,n/a,n/a,n/a,n/a,n/a,2.022483018
363,Magazine Subscriptions,0,3,FALSE,A3JPFWKS83R49V,B00005N7OJ,antique magazine publication made antique lover history buff page loaded photo artistic painting handmade good rare picture item similar nature magazine love antique also consider historian since many article deal historical collection art antique magazine overflowing antique good information article contained magazine intended visually stimulating case educational others offer history lesson art popular specific era glimpse art collection museum article meant stimulate interest already like subject often provide mean learn discover place see purchase featured work develop appreciation craftsmanship went making item antique magazine publication dedicated creative art history one thing creative title article might surprise reader first editor antique decided get straight point naming featured article rather try creative feature thus title like eating utensil collection spanish culture art etc title point exactly article cover leaving nothing imagination writing antique certainly good edited afraid many reader find article little boring describe thing well usually offer good history lesson lack spark readability tried read article magazine found eyelid getting heavy thought drifting subject generally stick picture glance antique magazine bother reading material keep interest overall antique magazine okay publication unless deep interest antique history likely become bored quickly try read article picture antique often interesting even little interest reading magazine like one photo alone make worth occasional look,antique magazine good everyone,1174694400,3.728987983,2.066821267,1.824785224,n/a,2.548261047,2.840723894,n/a,n/a,n/a,3.4348026,n/a,n/a,3.59249265
364,Magazine Subscriptions,1,5,FALSE,A19FKU6JZQ2ECJ,B00005N7OJ,beautiful magazine work art quality every page bit information fascinating see art home read every word including ad first discovered gem london many year ago home welcome,discerning reader,1163116800,3.747871414,2.218764267,4.632125604,n/a,n/a,3.264946797,n/a,n/a,n/a,3.804785619,n/a,n/a,3.103255205
365,Magazine Subscriptions,2,4,FALSE,A3KCK0D95WP42D,B00005N7PA,chicago magazine lot interesting topic evolve around chicago one article really interesting education edition listed school area compared teacher salary good school much spend student chicago house edition restaurant edition magazine ad sometimes pricey magazine rack,interesting magazine,1072396800,3.785643517,1.744564144,1.750938768,n/a,2.373682846,n/a,n/a,n/a,n/a,3.47801489,n/a,n/a,3.277883556
366,Magazine Subscriptions,3,2,FALSE,A2E3GAV610SEAG,B00005N7PA,live chicago viewpoint may different someone live probably come month subscribed magazine year ago tribune bought several great article month really relevant people living chicago moved still several good favorite headlining article include chicago best new restaurant may chicago guide summer may weekend getaway june guide surviving resubscribed month ago post tribune buy started notice catering different set people least seems lot le article lot relevant people live suburb chicago definitely catering crowd edition chicago top doctor edition expensive thing town look month highlight richest people care renewing subscription formerly good magazine,magazine losing steam thanks tribune co,1043971200,3.881450082,n/a,4.972826087,2.777777778,2.644547999,2.397918251,2.156780538,n/a,n/a,n/a,n/a,n/a,3.949600276
367,Magazine Subscriptions,4,5,TRUE,AGKL53XL56179,B00005N7OP,give real picture going world art think helpfull person love art,good sourse information,1367107200,3.881450082,n/a,n/a,n/a,3.930581321,n/a,3.82807971,n/a,n/a,n/a,n/a,n/a,2.810697071
368,Magazine Subscriptions,5,3,TRUE,A2JMPHW50YXBLQ,B00005N7OP,want renew year hardly anyone check library renow,art news renewal,1359158400,2.353246914,n/a,n/a,n/a,n/a,n/a,2,n/a,n/a,n/a,n/a,n/a,3.22202869
369,Magazine Subscriptions,6,5,TRUE,A39DECX9LPC9WX,B00005N7OP,gift son love,five star,1313280000,3.494453205,n/a,n/a,n/a,n/a,n/a,3.686594203,n/a,n/a,n/a,n/a,n/a,2.918430889
370,Magazine Subscriptions,7,4,TRUE,A2LYQEY0ZQWWJG,B00005N7OP,review nobody mentioned artnews done important investigative reporting even crusading restitution artwork stolen nazi followed similar line long period time think magazine shown responsibility trying yet succeeded covering art nation world whole instead sooooooo much nyc may almost much challenge art world continues grow spread much available online christy,important work,1220140800,3.81130811,n/a,n/a,1.055555556,n/a,n/a,n/a,n/a,n/a,n/a,3.802536232,n/a,3.089836718
371,Magazine Subscriptions,8,2,FALSE,A1AXTDJPZ6871K,B00005N7OP,magazine artforum international art america higher site respective web site coincidence beware artnews web price magazine charging issue web michael hawk,beware higher price amazon site,1136851200,2.431375264,n/a,n/a,n/a,2.447300737,n/a,n/a,n/a,n/a,n/a,n/a,n/a,3.389838516
372,Magazine Subscriptions,9,1,FALSE,A2JHZY0BZ1TTXS,B00005N7OP,practicing artist would give magazine star ever sent one time subscribed artnews last march received february issue followed next two week april march order huh called customer service asked refund since important current information art world lady offer refund issue received two month later july got june issue huh cancelling subscription signed new one art america september called twice still received issue three day xmas stick artforum artpapers,order,1135123200,3.881450082,n/a,n/a,n/a,n/a,2.320709707,n/a,n/a,n/a,n/a,n/a,n/a,1.226431816
373,Magazine Subscriptions,10,4,FALSE,A328S9RN3U5M68,B00005N7OP,artnews take hit reader paper high quality ink smear couple reading lot outsider art ad lot competition school prize etc seem stress entrance fee artistic interest reporting seems weighted focus art show must reason still around despite competition artnews quick read lot thing happemn coevers seems interest working artsts big gun collector museum fine art world bizarre enough diffuse goal evident journal seems satisfy casual magazine collector writing contributing editor definitely improving critique eloquent good bargain art periodical,artnews,1095724800,3.620742782,n/a,n/a,n/a,3.257037159,2.613211779,n/a,n/a,n/a,3.46840569,n/a,n/a,3.79216944
374,Magazine Subscriptions,11,4,FALSE,AQ8DU6XVA3USJ,B00005N7OP,artist need know bit artnews one magazine subscribe purpose use primarily ad mostly gallery ad let know showing exhibit review national international reason classified sometimes give competition notice available elsewhere regular department include arttalk lighter side news news business slant obituary etc issue theme november instance fashion design article one mary mcfadden sculpture collection also new climate art response several artist loss million art also included large section new art book obligatory avante garde piece many shock art article magazine taste therefore instead star guess people still consider trend good quality paper excellent color reproduction wide range art represented make useful magazine artist collector,keeping trend,1005782400,2.903143652,2.964572466,1.969045312,1.861111111,2.830924694,3.65013429,n/a,n/a,n/a,3.373304686,n/a,n/a,3.411124812
375,Magazine Subscriptions,12,5,FALSE,A2K7MIZN08OQD2,B00005N7R6,reading kiplinger retirement report year enjoyed almost every issue started putting ad year ago take away content read ad anyway lot card falling place like lot publication content find quite timely interesting even pertain situation often find article might help others suggest person crossroad life working retiring magazine written people retired going retire already retired always good topic managing finance health investing even retirement living overall star publication,kiplinger retirement report top,1317168000,2.903143652,n/a,3.984981529,1.777777778,3.758373328,n/a,n/a,n/a,n/a,3.764121574,n/a,n/a,3.113633854
376,Magazine Subscriptions,13,5,FALSE,ARWSKMXMZQFXZ,B00005N7R6,nice informative publication remember kiplinger renewal rate new rate fyi fyi,dont buy renewal,1299801600,3.722337438,n/a,n/a,n/a,2.860154375,3.417329745,n/a,n/a,n/a,n/a,n/a,n/a,3.286593914
377,Magazine Subscriptions,14,2,FALSE,A1A8SEKP9C5KMR,B00005N7R6,first looked sample report online great lot useful information prepare retirement including good investment idea subscribed received several issue sometimes good information part worthless example january isue page dedicated turbulent time long term care insurance read like news article true advice another page full page ad bank investment product etc rest would call useless fluff way kiplinger paying report many ad anyhow usually info report definitely worth cost,good,1293840000,3.722337438,2.392690972,2.156710543,n/a,3.19503695,3.385630419,n/a,n/a,n/a,n/a,n/a,n/a,3.280871434
378,Magazine Subscriptions,15,2,TRUE,A3EE2Q7XB44KXG,B00005N7R6,always pleased depth coverage kiplinger magazine report however time little disappointed retirement report cost significantly magazine seem give appropriate value true reviewed one issue may summer doldrums put money look issue study see cover want unfortunately take advice shame,kiplinger retirement report,1250467200,3.747871414,1.847123474,1.757572363,1.194444444,1.511521823,2.434744911,n/a,n/a,n/a,2.403335885,n/a,n/a,3.328600766
379,Magazine Subscriptions,16,5,FALSE,A10YPC9B6HML2X,B00005N7R6,one best retirement compilation come across many good idea one idea part time work including email address call center work many retirement magazine focus save retirement lifestyle based amount money really end highly recommend,money actually plan life retirement,1150416000,2.32914354,n/a,n/a,1.972222222,n/a,3.492898699,n/a,n/a,n/a,n/a,n/a,n/a,3.240822127
380,Magazine Subscriptions,17,4,FALSE,A1FH2EAZTU2LAW,B00005N7R6,useful publication near retirement information date helpfull informative,usable information,1140220800,3.881450082,2.065372422,1.310394692,n/a,3.006270671,3.774904455,n/a,n/a,n/a,n/a,n/a,n/a,3.486428941
381,Magazine Subscriptions,18,1,TRUE,ACF0PYGF6R6H7,B00005N7WD,advertising cancelled,bother,1412899200,3.881450082,n/a,n/a,n/a,2.87477237,n/a,n/a,n/a,n/a,2.687741006,n/a,n/a,3.153350724
382,Magazine Subscriptions,19,5,TRUE,A3W3P5UFRG6EE,B00005N7WD,great atlanta home magazine,great magazine,1411948800,3.038563444,n/a,n/a,n/a,n/a,3.998397099,n/a,n/a,n/a,n/a,n/a,n/a,2.245340192
384,Movies and TV,0,5,TRUE,A3478QRKQDOPQ2,1527665,really happy got evangelised spoiler ending liked since started bit worrisome yeah great story missionary movie really short half hour still great,great,1362960000,2.353246914,2.605688551,1.734371801,n/a,4.187060041,4.638892884,n/a,n/a,n/a,4.57913523,n/a,4,3.130089064
385,Movies and TV,1,5,TRUE,A2VHSG6TZHU1OB,1527665,lived west new guinea papua time period covered video realistic accurate conveys well entrance light truth culture century dead alienated god,realistic accurate,1361145600,3.539086443,2.252259699,1.294882957,1.805555556,n/a,4.157710107,n/a,n/a,n/a,n/a,n/a,4,3.119573645
386,Movies and TV,2,5,FALSE,A23EJWOW1TLENE,1527665,excellent look contextualizing gospel god sovereignty cultural barrier book movie captivating would definitely recommend christian,peace child,1358380800,2.431375264,1.182235494,1.313364721,n/a,n/a,4.603647461,2.992080745,n/a,n/a,4.329328086,n/a,4,3.364394679
387,Movies and TV,3,5,TRUE,A1KM9FNEJ8Q171,1527665,anything challenged find way share christ culturally relevant way around peace child cherished,culturally relevant way share love christ message u,1357776000,2.353246914,n/a,n/a,n/a,n/a,n/a,n/a,n/a,n/a,n/a,3.804347826,4,3.13008553
388,Movies and TV,4,4,TRUE,A38LY2SSHVHRYB,1527665,great movie missionary going foreign country especially one used foreign presence little short side,good movie great missionary,1356480000,3.708911151,2.905820163,1.763151776,n/a,4.563405797,4.42021908,n/a,n/a,n/a,3.840313792,3.644927536,4,2.909918541
389,Movies and TV,5,5,TRUE,AHTYUW2H1276L,1527665,movie english great summary book experience richardson new guinea,great,1353024000,3.494453205,n/a,n/a,n/a,4.737146308,3.923057661,n/a,n/a,n/a,n/a,n/a,n/a,2.937169774
390,Movies and TV,6,5,TRUE,A3M3HCZLXW0YLF,1527665,fascinating true story well acted many actual character watch see one countless example faithfully god work way mankind find every culture,remarkable true story told english contrary report earlier review,1342310400,3.735763949,2.289038398,1.29015023,1.138888889,n/a,4.562468026,n/a,n/a,n/a,n/a,n/a,4,2.893435427
391,Movies and TV,7,1,TRUE,A1OMHX76O2NC6V,1527665,dvd appears german english speak german need corrected want back,peace child dvd,1283472000,3.369015316,n/a,1.506033762,n/a,1.975723008,n/a,n/a,n/a,n/a,1.01547619,n/a,n/a,2.951963691
392,Movies and TV,8,1,TRUE,A3OBOZ41IK6O1M,1527665,movie english although title movie book forewarning anywhere movie english sound like might russian,english,1273190400,3.466335738,n/a,1.328076115,n/a,1.473302287,1.975164968,n/a,n/a,n/a,1.003881988,n/a,n/a,1.843543457
393,Movies and TV,9,5,TRUE,A2M1CU2IRZG0K9,5089549,sorry purchase year ago first came good entertaining absolutely loved anticipate seeing repeatedly actually wore cassette year back also purchased product cd best purchase made would purchase dvd could find one,amazing,1352419200,3.735763949,3.103025132,3.921325052,1.777777778,n/a,4.553919721,n/a,n/a,n/a,4.119639765,n/a,n/a,2.880856905
394,Movies and TV,10,5,TRUE,A1XIXLXK9B4DAJ,5089549,product received quickly seller product great condition stated people enjoy southern gospel music thrilled offering various cathedral performer exception payne younce year also quite happy service would use seller,reunion cathedral quartet,1347321600,2.353246914,n/a,n/a,n/a,n/a,4.433081709,n/a,n/a,3.135403727,4.631164661,n/a,4,3.120263733
395,Movies and TV,11,5,TRUE,AFTUJYISOFHY6,5089549,believe tell receive blessing watching video cathedral quartet bring back singer ever group really great vhs,great gospel vhs cathedral,1325203200,3.747871414,n/a,n/a,n/a,n/a,4.653178251,n/a,n/a,n/a,n/a,n/a,4.166666667,2.967025444
396,Movies and TV,12,5,TRUE,AEIAQFCWNRUSE,5089549,video arrived perfect shape far away country new zealand really blessing see different member quartet year great singing pastor greg,reunion cathedral quartet,1301702400,3.881450082,2.589983986,2.014285714,n/a,n/a,4.180423788,n/a,n/a,n/a,n/a,n/a,5,3.058522154
397,Movies and TV,13,5,FALSE,A16WO8T4YXGVWP,5089549,reunion cathedral quartet effort salute men contributed great southern gospel quartet driving force behind quartet glen payne george younce remained group several personnel change video full moment laughter sentiment music outstanding,reunion video time,1277596800,3.747871414,n/a,n/a,n/a,n/a,4.812143464,n/a,3.833333333,n/a,3.971708906,n/a,n/a,3.032406857
398,Movies and TV,14,5,FALSE,AX7ANRP31Q7YA,5089549,wedding music get free choose million song work player including ipod come along hide thou want walk close unclouded day sunshine rose cleanse yesterday gon na shout heaven love sin take farther started living champion love goodbye world goodbye master builder somebody touched step water moving gloryland know man,track listing,1240272000,2.564417075,n/a,n/a,n/a,3.957175573,n/a,n/a,n/a,n/a,n/a,n/a,n/a,1.288769607
399,Movies and TV,15,5,FALSE,AIPN1XFK37ZWI,5089549,truly moving video watch like great southern gospel quartet greatest singer made greatest gospel quartet time even one cathedral year still sound fantastic blessing watch,great song great singer,933984000,3.870916168,2.549037251,1.0519755,1.305555556,n/a,4.843715721,n/a,3.916666667,n/a,4.403576769,n/a,4.5,3.649237845
400,Movies and TV,16,4,FALSE,A7H20K09VIXXT,000503860X,excellent experience watch dvd year x fan also cool watch right repeated viewing dvd x unheard music x still every ounce energy connection back reason gave four star john doe bass overshadowed mix said dvd treasure year come,billy zoom smile,1123891200,2.564417075,2.348196921,2.945285934,2.861111111,2.668564137,3.094472731,n/a,n/a,n/a,4.610268165,n/a,n/a,3.773178523
401,Movies and TV,17,5,TRUE,A2LGI22B6XRZVA,000503860X,thing purchasing live dvd many time want sit watch gig probably even first place dedicated x fan could resist checking thrilled band form encouraging people around x heyday finally clueing historically important still dvd prof still vital viable ever favor wandered page must reason leave without purchasing dvd glad whether diehard fan like fan music simply curious hail x may continue make music together year come,could better,1123286400,3.81130811,n/a,n/a,1.861111111,n/a,n/a,n/a,n/a,n/a,4.715300371,n/a,n/a,3.825289983
402,Movies and TV,18,5,FALSE,A2A4GWAEM3VOW0,000503860X,dvd unbelievable fan punk rock dvd play classic song bonus footage amazing think favorite part play white girl x around long time first live concert dvd make even awesome liner note flea red hot chili pepper really cool definitely buy dvd worth every penny,worth every penny,1116374400,3.539086443,2.325111202,1.578299063,n/a,3.752321937,4.61714401,n/a,n/a,n/a,n/a,n/a,n/a,4.994860769
403,Movies and TV,19,5,TRUE,A226BMXAQAJVOQ,000503860X,brought dvd home rock uninitiated great band know fan understand band never disappoints live vouch seen time without billy zoom solo knitter incarnation cool thing dvd feel nostalgic unlike recent blaster dvd also good folk shout blaster fine band one look audience dvd show thrill gone definitely waning x fan still passionate playing singing still passionate like band still totally belief show fan love win new fan question love band dvd must buy tangential interest love great band like ramones clash east coast familiar band take plunge dvd rock dare ask rock roll hall fame anyone,x lost step,1115942400,3.747871414,n/a,n/a,2.666666667,n/a,4.845134241,n/a,n/a,n/a,n/a,n/a,n/a,3.827719131
406,Musical Instruments,0,5,FALSE,A20DOQGG34SKR5,739084542,expression journey music come well piano book,journey piano music work well,1171411200,3.881450082,n/a,n/a,n/a,n/a,3.75312203,n/a,n/a,n/a,3.885494158,n/a,n/a,3.180008724
407,Musical Instruments,1,5,TRUE,A2XVOIUQFKHGX7,739084542,love,five star,1418515200,3.722337438,n/a,n/a,n/a,n/a,n/a,n/a,n/a,n/a,4.726796305,n/a,n/a,1.998811199
408,Musical Instruments,2,5,TRUE,A3EYX1Z1RVJQ8T,739084542,daughter love,five star,1413331200,3.369015316,n/a,n/a,n/a,n/a,n/a,3.122644928,n/a,n/a,4.706851909,n/a,n/a,1.996340844
409,Musical Instruments,3,5,TRUE,AM4HSLYN8E3SN,739084542,great,five star,1411948800,2.431375264,n/a,n/a,n/a,n/a,4.095585814,n/a,n/a,n/a,n/a,n/a,n/a,1.186029747
410,Musical Instruments,4,3,TRUE,A32GLSH2IC98Q3,739084542,expected something elaborated music sheet simple beginner play disappointed book although bellow expectation ca find anything better,beginner,1391731200,3.369015316,n/a,n/a,1.916666667,2.33158052,2.829831716,3.45428744,n/a,n/a,2.03709786,n/a,n/a,3.286892456
411,Musical Instruments,5,4,TRUE,A11CXSFJQOYFGO,739084542,received music book earlier scheduled able start playing couple song almost right away currently year piano experience find music book easy read,great book beginner intermediate,1389830400,2.431375264,2.243012739,2.68079867,2.833333333,3.728717611,3.362672845,n/a,n/a,3.148395445,n/a,n/a,n/a,3.374677555
412,Musical Instruments,6,5,TRUE,A13XAXD72RRYHY,739084542,many easy song newbie lesson challenging like journey song like,great book,1389139200,3.870916168,n/a,n/a,1.972222222,3.225904479,3.418752935,n/a,n/a,n/a,n/a,n/a,n/a,3.230876971
413,Musical Instruments,7,5,TRUE,A13M3CGJEU2GNK,739084542,great beginner intermediate level player sound adequately like original journey song make feel like better,fun,1385337600,3.645720101,2.269890152,n/a,n/a,4.397153209,n/a,n/a,3.861111111,n/a,3.379625679,n/a,n/a,3.106873073
414,Musical Instruments,8,5,FALSE,A32OPO8T7HXGGW,739084542,sheet music difficult someone like month lesson song great,easy fun,1364860800,3.881450082,n/a,n/a,1.833333333,4.212318841,3.636754395,n/a,n/a,n/a,4.042555001,n/a,n/a,3.192830599
415,Musical Instruments,9,1,TRUE,A2KD2J50L7K1QT,739084542,beginner inaccuracy book sent wrong path ordered updated version,accurate,1271289600,2.353246914,n/a,n/a,1.277777778,1.803863092,n/a,n/a,n/a,n/a,n/a,n/a,n/a,3.025632782
416,Musical Instruments,10,5,TRUE,A17Z0ZBU4L1GL6,739084542,bought book fmaily member delighted complaint best song included arrangement true feeling song,journey piano book,1192579200,3.735763949,n/a,n/a,n/a,4.108229463,4.071516822,3.529710145,n/a,n/a,3.445923327,n/a,n/a,3.256556245
417,Musical Instruments,11,5,TRUE,A8C3CJYTIB77L,786615303,first glance thought would made indecently due price simplicity design boy wrong price pay flute really put good tune instrument general easily learn hard master say consider joining orchestra thing around house casual playing friend family use wonderful buy definitely recommend product anyone looking beginning play tinwhistle,definitely worth money,1301443200,3.785643517,n/a,n/a,n/a,3.278756843,3.061795225,n/a,n/a,4.016356108,3.226328248,n/a,n/a,3.528834931
418,Musical Instruments,12,3,TRUE,A34EE0O88SA354,786615303,whistle advertised would use actual playing ensemble tone airy block wood mouthpiece make hard hold control instrument maybe bad beginner kid expecting bad instrument needed celtic music working,quite needed,1425859200,3.747871414,2.174832165,1.425765922,n/a,2.864728386,2.65455329,n/a,n/a,n/a,3.442623378,n/a,n/a,3.802794025
419,Musical Instruments,13,5,TRUE,A1ME1RCBR333P,786615303,neat little instrument would definitely recommend getting play book think c le used little tricky find music fingering already finding huge learning curve lot fun making joyous noise,would definitely recommend getting play book,1424822400,3.494453205,n/a,n/a,n/a,2.895812247,3.106387263,n/a,3.055555556,3.701889234,n/a,n/a,n/a,3.215111925
420,Musical Instruments,14,4,TRUE,A2GML5RFMHMAYW,786615303,small tweak embouchure sound became quite nice play beautifully knocking one star adjust get sound metal bend need bent mm c clarke whistle purchased might perfect might need go way fix really fun little instrument,good needed minor tweak work,1423612800,2.431375264,2.131971403,1.582654262,n/a,2.608088835,3.683019424,n/a,n/a,4.595522774,3.772611742,n/a,n/a,3.720567184
421,Musical Instruments,15,2,TRUE,A3CJJTJ9U94Y4I,786615303,amount air take play whistle totally insane fife take le mean easier buy yamaha fife tape top hole play whistle read online one could theory modify way sure scared try,insane air intake,1421020800,3.881450082,1.92981235,1.620886138,1.666666667,1.858731343,2.715570982,n/a,n/a,n/a,n/a,n/a,n/a,3.444427443
422,Musical Instruments,16,5,TRUE,ATDDFACJKRN2G,786615303,really fast shipping exactly expected,five star,1409356800,3.620742782,n/a,n/a,n/a,3.522787422,3.199152003,n/a,n/a,n/a,n/a,n/a,n/a,1.045586004
423,Musical Instruments,17,5,FALSE,AEKGR2KJM9JEG,786615303,first received tinwhistle found difficult play complete beginner purchased feadog tinwhistle well went back clarke c found could play clarke proficiency feadog give tinwhistle complete novice difficulty playing truly like clarke breathy somber sound unlike clear bright sound feadog appropriate beautiful irish music celtic music general pleased tinwhistle glad stuck,make beautiful music,1404864000,2.32914354,2.759602733,1.649658265,2.944444444,2.749888314,3.08571237,n/a,n/a,n/a,3.684959903,n/a,n/a,3.309491891
424,Musical Instruments,18,4,TRUE,A37XTZ4R9N1155,786615303,like different sound use clarke want traditional airy throaty tone take lot air support tone like sweetone feadog pro better whistle,airy tone traditional sound thin tone,1393372800,3.539086443,2.340286109,1.880231774,1.805555556,2.828840422,2.737952141,n/a,n/a,n/a,3.794119523,n/a,n/a,3.269021203
425,Musical Instruments,19,1,TRUE,A2U61OLT76XK5I,786615303,could disappointed tin whistle one plastic mouthpiece hoping single piece tin wood inside would produce richer tone seems make difficult play clear note someone play flute know manipulating embouchure obtain different thing frustrating tip edit review practice change thing,absolutely premium,1376092800,3.539086443,2.248142098,1.782778652,1.916666667,2.243394632,n/a,n/a,n/a,n/a,1.075613866,n/a,n/a,3.016065398
429,Office Products,0,5,TRUE,AXSAF6QBV2B00,245109919,excellent,five star,1486771200,3.870916168,n/a,n/a,n/a,n/a,n/a,n/a,n/a,n/a,n/a,n/a,n/a,1.670608035
430,Office Products,1,5,TRUE,A32EK0BF8CTLSG,245109919,really loved item advertised bookmark using least part hair pin good quality great transaction,really loved item,1484006400,3.466335738,n/a,n/a,n/a,4.119565217,3.819572489,n/a,n/a,4.352743271,n/a,n/a,n/a,3.513338487
431,Office Products,2,5,TRUE,A2LEJTEKEM55NT,245109919,beautiful gorgeous hoping,,1482105600,3.466335738,n/a,n/a,n/a,n/a,n/a,n/a,n/a,n/a,3.743717943,n/a,n/a,2.885462809
432,Office Products,3,5,TRUE,A14E6VSLP4XEQ7,245109919,girlfriend excited gave early christmas present exactly hoped,early christmas,1476144000,3.747871414,n/a,n/a,n/a,n/a,n/a,3.874637681,n/a,n/a,n/a,n/a,n/a,2.96682574
433,Office Products,4,5,TRUE,A5MW43NRQMXGP,245109919,bought give gift group friend similarly themed work unique gift yet linked style material love,beautiful useful,1475020800,2.32914354,n/a,n/a,n/a,n/a,3.836588603,3.85615942,n/a,n/a,n/a,n/a,n/a,3.18080046
434,Office Products,5,5,TRUE,A13XDOAZ6NTDTT,245109919,beautifully made book mark also good gift,great,1464652800,3.539086443,n/a,n/a,n/a,n/a,3.72464881,3.818478261,n/a,n/a,n/a,n/a,n/a,2.928661602
435,Office Products,6,5,TRUE,A3F5N99PO4EJZU,245109919,nice good quality,five star,1459123200,3.735763949,n/a,n/a,n/a,n/a,4.028954612,n/a,n/a,n/a,n/a,n/a,n/a,2.245177315
436,Office Products,7,5,TRUE,A2BZ6B7R99NNH8,030794655X,nice calendar people fan coelho book philosophy buy third year row still new,love,1317686400,3.81130811,n/a,n/a,1.388888889,n/a,n/a,n/a,n/a,n/a,n/a,n/a,n/a,2.697033357
437,Office Products,8,5,TRUE,A3M24NNPFQB1MI,030794655X,last year family friend enjoyed agenda book helpful diary picture amazing quote along way inspirational matter rocky day open book anywhere find something beautiful released sent two copy along daughter one donation student need grateful pleased extra sharing thankyou paulo artist publisher,brilliant,1316649600,3.645720101,n/a,n/a,1.138888889,n/a,3.07700901,3.719409938,n/a,n/a,3.870108561,n/a,n/a,3.094339735
438,Office Products,9,5,TRUE,AES3I9FNKU2NM,030794655X,great diary inspirational uplifting quote beautiful colour well set good quality good gift treat anyone especially paulo coelho fan,lovely,1359331200,2.431375264,n/a,n/a,n/a,n/a,3.565914216,3.241356108,n/a,n/a,4.000655958,n/a,n/a,3.291031476
439,Office Products,10,5,FALSE,A24GZ8SUD0M1HU,030794655X,book brillent see looking easy write putting another order year well cheer,paulo coelo catilina estrada,1358553600,4.800047277,n/a,n/a,n/a,n/a,3.385878409,n/a,n/a,n/a,4.060765268,n/a,n/a,3.169965061
440,Office Products,11,5,TRUE,A26B33A9P5LTM5,030794655X,purchased paulo coelho day planner say u disappointed agenda every page wonderful quote coelho enough room write plan appointment book uplifting colorful disappointed also excellent price delivery fast great find,transformation paulo coelho,1358121600,2.431375264,n/a,n/a,n/a,4.118530021,3.900227044,n/a,n/a,n/a,1.900485449,n/a,n/a,3.097639969
441,Office Products,12,5,TRUE,A3GCZ7G2VOOJC7,030794655X,already version bought one loved old one much motivational qoutes coelho work space daily entire planner lot info put planner daily basis would recommend item,love,1358121600,2.903143652,n/a,n/a,1.25,n/a,n/a,n/a,n/a,n/a,3.619161233,n/a,n/a,3.112499684
442,Office Products,13,5,TRUE,A2V3QFKQ7DYRL4,030794655X,starting using hope weight wo prevent making functional beautiful quality good,beautiful bit heavy,1355616000,3.881450082,n/a,n/a,n/a,2.670242351,3.281175619,n/a,n/a,n/a,n/a,n/a,n/a,3.027089675
443,Office Products,14,5,TRUE,ARIU923KJC9W4,030794655X,useful beautiful every day delight work calendar design beautiful also well structured,favorite calendar,1353628800,2.32914354,n/a,1.823816107,n/a,n/a,n/a,n/a,n/a,n/a,3.93977011,n/a,n/a,3.075611246
444,Office Products,15,4,TRUE,A18YA20GC5SUHW,030794655X,although adore writing planner beautiful keepsake full bit enjoy purchase month glance feature vital planning,worked,1348358400,3.369015316,n/a,n/a,n/a,2.67649211,n/a,n/a,n/a,n/a,3.725096813,n/a,n/a,3.002246752
445,Office Products,16,5,TRUE,A4BO9Y7KG81N9,030794655X,bought late absolutely love planner paper smooth glossy ink bleed lightweight easy carry around illustration quote beautifully done quite liked bold color used people always ask got planner ca wait planner,love planner,1345939200,3.747871414,n/a,n/a,n/a,n/a,3.660001946,n/a,n/a,n/a,3.770064212,n/a,n/a,2.827689513
446,Office Products,17,2,TRUE,AIEID6BZ05C0K,030794655X,color great daily diary appointment book one page twelve tiny monthly calendar space make entry see month glance needed,date book,1325116800,3.494453205,n/a,n/a,n/a,n/a,2.844981414,n/a,n/a,n/a,3.943092546,n/a,n/a,3.255069616
447,Office Products,18,5,TRUE,AGZ61RB7OLJVB,030794655X,received agenda absolutely love image outside planner quote outline perfect keep day day tracking extremely unique well made ordered gift friend family would highly recommend planner anyone looking something unique thoughtful practical handy,love perfect unique present,1321920000,3.494453205,n/a,n/a,n/a,3.775035593,3.575829594,3.887681159,n/a,n/a,n/a,n/a,n/a,3.109633869
448,Office Products,19,5,TRUE,A33IOYNY300CPN,439654939,look great around bulletin board,scholastic tall green grass jumbo,1435795200,3.620742782,n/a,n/a,n/a,n/a,n/a,n/a,n/a,n/a,4.046454887,n/a,n/a,2.392259688
449,Patio Lawn and Garden,0,3,FALSE,A36E5ZL6C4SRYT,6035000029,nice product pole need longer stronger intersection two joined piece screw together,nice product pole need longer stronger,1406678400,3.870916168,n/a,n/a,n/a,2.969514735,n/a,n/a,n/a,n/a,n/a,n/a,n/a,3.109671535
450,Patio Lawn and Garden,1,4,TRUE,A3OAMQRSE8Z1KO,6035000029,pretty sturdy give great shade also protect light rain love thing missing tie would purchase,pretty sturdy give great shade,1405900800,3.645720101,n/a,n/a,n/a,n/a,n/a,n/a,n/a,n/a,4.207271953,n/a,n/a,3.122760889
451,Patio Lawn and Garden,2,5,TRUE,A1HQCJTZPIUH0T,6035000029,bought weekd good product price hold time yet seen uv ray normally deteriorates csnopy,good product price,1404950400,3.466335738,n/a,1.296097795,n/a,3.302361312,2.906449283,n/a,n/a,n/a,n/a,n/a,n/a,3.399121142
452,Patio Lawn and Garden,3,3,TRUE,A2JLMRP20CVAF2,6035000029,light pole longer cleat wrap cord around open secure,change,1398902400,3.747871414,n/a,n/a,1.611111111,2.587833574,n/a,n/a,n/a,n/a,n/a,n/a,n/a,3.283878187
453,Patio Lawn and Garden,4,5,TRUE,A3D6HSJ0592MBC,6035000029,withstood year tropical florida sunshine occasional rain without generating complaint something else could ask umbrella,great purchase,1394409600,3.722337438,n/a,3.973861284,n/a,n/a,3.053095383,n/a,n/a,n/a,n/a,n/a,n/a,3.152130015
454,Patio Lawn and Garden,5,2,TRUE,A9MBKG2T3US7F,6035000029,cheaply made canopy thin sunlight rain come right wood support canopy undersized size canopy heavy duty think,get pay,1437091200,2.903143652,n/a,n/a,n/a,n/a,2.861551147,n/a,n/a,n/a,n/a,n/a,n/a,3.342808584
455,Patio Lawn and Garden,6,1,TRUE,A2EL021NDCWC5K,6035000029,ordered two one arrived damaged get pay umbrella cheap mast bend joint material thin would buy product,ordered two one arrived damaged get,1436054400,3.494453205,n/a,n/a,n/a,2.211491611,2.624038074,n/a,n/a,n/a,n/a,n/a,n/a,3.435095767
456,Patio Lawn and Garden,7,1,TRUE,A2HO8P3ZKU8PGR,6035000029,large umbrella work well pole inch short folded end hit table top sure table standard height patio table easy fix though adding piece inside umbrella stand tube material seems thin construction seems good happy far use month update november month faded nice green ugly brown alabama summer sun one wooden stake extend umbrella open broken even though remains closed time always closed weather would recommend product,look good,1432425600,3.870916168,n/a,3.846968052,n/a,2.922728859,2.494085628,n/a,n/a,n/a,2.086003196,n/a,n/a,3.469620235
457,Patio Lawn and Garden,8,1,TRUE,A2ET0CAKVBY4JA,6035000029,buyer beware junk,one star,1431475200,3.645720101,n/a,n/a,n/a,n/a,n/a,n/a,n/a,n/a,n/a,n/a,n/a,1.980995059
458,Patio Lawn and Garden,9,2,TRUE,A1BCEN5CSUR5C6,6035000029,save money buy higher quality shade everything cheap sorry wasted mine,everything cheap sorry wasted mine,1426464000,3.222974019,n/a,n/a,n/a,2.292788219,2.482654974,n/a,n/a,n/a,n/a,n/a,n/a,3.462934464
459,Patio Lawn and Garden,10,4,TRUE,A3VFNP1ZO28RN,6035000029,umbrella however pole since cut shipping purpose put together weak resist strong wind,umbrella however pole since,1415491200,2.431375264,n/a,n/a,n/a,n/a,3.011235997,n/a,n/a,n/a,n/a,n/a,n/a,3.202203903
460,Patio Lawn and Garden,11,4,FALSE,A1B59IYXLDKJSM,6035000029,want huge sturdy patio umbrella one buy nice color material pulley design good problem pulling wood frame open would given star green color started fading otherwise good buy wooden frame relatively sturdy compared aluminum counterpart prepared buy real heavy base umbrella size weight recommmend umbrella,sturdy patio umbrella one buy,1414800000,2.353246914,n/a,n/a,n/a,2.213342909,3.097726841,n/a,n/a,n/a,3.212293223,n/a,n/a,3.260991547
461,Patio Lawn and Garden,12,1,TRUE,A3I4ZLPW9R3MMW,6035000029,poor quality wood warped,one star,1414281600,3.645720101,n/a,n/a,n/a,n/a,3.002037721,n/a,n/a,n/a,n/a,n/a,n/a,2.161984848
462,Patio Lawn and Garden,13,4,TRUE,A2E8MJ8XEUR9NY,6035000029,like others main pole need longer,four star,1411516800,2.431375264,n/a,n/a,n/a,2.994810712,n/a,n/a,n/a,n/a,n/a,n/a,n/a,2.678627403
463,Patio Lawn and Garden,14,5,TRUE,A2J1XS6WZ8AZRL,6035000029,glad found,perfect big umbrella,1409356800,3.747871414,n/a,n/a,n/a,n/a,n/a,n/a,n/a,n/a,n/a,n/a,n/a,2.282522777
464,Patio Lawn and Garden,15,1,TRUE,A1N1NWOFHWW2DZ,8805002666,canopy big tivoli x gazebo first downpour cover installed tivoli gazebo disappointing result purchased replacement cover target online past color left available grayish blue discontinuing decided try one since came ivory big mistake one grommet per side drainage improvement original along reinforced corner matter fit x gazebo loosely rain ca run creates big sagging pool around perimeter went push water canopy realized water leaking fabric dripping pooling canopy water resistant either see get money back,good replacement canopy tivoli x gazebo,1399766400,2.564417075,n/a,n/a,1.444444444,n/a,2.806609161,n/a,n/a,n/a,2.460575418,n/a,n/a,3.444323423
465,Patio Lawn and Garden,16,3,TRUE,A1SJQ8WETDBCC1,8805002666,fairly easy erect even though instruction clear also canopy support bent obvious someone tried restore original shape structure held well face recent mph wind,stronger structure previous model center scanopy upports corner support make lot difference,1395964800,3.728987983,n/a,n/a,n/a,3.192744583,3.110210376,n/a,n/a,n/a,n/a,n/a,n/a,3.426014637
466,Patio Lawn and Garden,17,2,TRUE,AGUQVGWDPQLV9,8805002666,look good rain storm canopy rain waste,fit like glove,1379980800,3.539086443,n/a,n/a,n/a,2.674540717,n/a,n/a,n/a,n/a,2.604172424,n/a,n/a,3.214267837
467,Patio Lawn and Garden,18,4,TRUE,A393Y2LEAQ05QA,8805002666,bought target tivoli gazebo fit probably better original canopy perhaps ever slightly big considering original one ever slightly small actually bad thing,good product,1374451200,3.747871414,n/a,n/a,n/a,n/a,n/a,n/a,n/a,n/a,2.877203889,n/a,n/a,2.885952933
468,Patio Lawn and Garden,19,5,FALSE,A2XGLU92QG2B6B,8805002666,need replacement year weather beating others one fit perfectly gazebo like others gotten material better expected price half paid happy purchase thank access store,well made replacement top,1370131200,3.735763949,n/a,n/a,1.805555556,3.296497812,2.867809296,n/a,n/a,n/a,n/a,n/a,n/a,3.331026454
470,Pet Supplies,0,3,TRUE,AK0VAHHIIZARE,978619404,impression fatherree book pro photo almost without exception beautiful help explain illustrate point author trying make chapter tridacnid trouble set good amount information disease never seen place third chapter identification various specie useful clear well done overall photo chapter invaluable beautiful con conversational style something reader may like may want clear explanation topic conversation someone trying casual witty amusing reason help explanation along author apparently trying part make book entertaining enough reader want learn subject virtually anyone buy book though already enough interest subject sustain reading book text page juxtaposed one chapter many reader would want complete care clam aquarium chapter least informational book worst section chapter probably section lighting section includes absolutely mention lighting intensity usably objective term par even lux waste five paragraph repetitive monologue subjective opinion various color temperature bulb chapter also includes section feeding spends ten page explaining much feed conclude recommendation want avoid done year gazillion hobbyist keep tridacnids aquarium bright light worry p also pointed book devotes chapter tridacnids need fed lastly information chapter care clam currently pass common knowledge hobby fine sense book usefully compilation common practice expected summary book interested hobbyist find worth owning spite fact fall short bar set recent book hobby including wilkerson clownfishes borneman aquarium coral three volume delbeek sprung reef aquarium,good bit overrated reviewer,1267488000,4.475401231,n/a,n/a,1.944444444,n/a,n/a,n/a,2,n/a,3.209099127,n/a,n/a,3.364304907
471,Pet Supplies,1,5,FALSE,A27T8RPD7825TY,978619404,put simply interested purchasing clam buy read book first likely save money event book hand problem question arise book written clear language wry sense humor recommended without qualification,clam insists purchase book,1248393600,3.791154479,n/a,n/a,n/a,2.835989574,n/a,n/a,n/a,n/a,3.62045002,n/a,n/a,3.180114507
472,Pet Supplies,2,5,FALSE,A3SNVHJ3YQ2V3U,978619404,met james personally pleasure speak marine club dfwmas james know tridacnids book offer comprehensive information care tridacnids must book tridacnid clam owner,great book,1234310400,4.800047277,n/a,n/a,n/a,n/a,n/a,n/a,n/a,n/a,3.755056712,n/a,n/a,3.114968783
473,Pet Supplies,3,4,FALSE,A13JMLNVQK9C4S,978619404,book cover everything chose feed difference specie lot great knowledge,great book lot knowledge,1205798400,3.539086443,n/a,n/a,n/a,n/a,3.781379579,n/a,n/a,n/a,3.609896798,n/a,n/a,3.217845865
474,Pet Supplies,4,4,TRUE,A8GIK2FIUKVDG,978619404,finish reading book day book cover pretty much everything caring selection tridacnid clam hv clam reef tank book really taught lot thing hv overlooked feeding highly recommend book,excellent book clam,1198281600,3.81130811,n/a,2.205310316,n/a,n/a,n/a,n/a,n/a,n/a,3.896935519,n/a,n/a,3.113603241
475,Pet Supplies,5,5,FALSE,AJK5XV0DPDX5A,978619404,best updated book tridacnid clam get today including excellent photo well bought copy macna houston james chapter tridacnid biology basic tridacnid nutrition tridacnid specie collecting farming shipping tridacnids acquisition care tridacnids tridacnid trouble,excellent tridacnid clam book,1181001600,3.728987983,n/a,n/a,n/a,n/a,3.171421415,n/a,n/a,n/a,1.633265971,n/a,n/a,3.284572483
476,Pet Supplies,6,5,FALSE,AQUHJVX6O882V,130045136X,powerful protection dog immune system really love product dog also love great herbal supplement leak,powerful protection dog immune system,1397606400,3.81130811,n/a,n/a,n/a,n/a,3.864698153,n/a,3.083333333,n/a,n/a,n/a,n/a,3.24165483
477,Pet Supplies,7,5,TRUE,AJCABNFNI4ITJ,130045136X,amazon place shop seller exceptional mistake happen way mistake handled convince buyer seller one trust use repeatedly shall seller looking booster dog decided one reading positive review received product promptly tiny perfectly round hole bottom vial much gel leaked disappointed pup really could used immune booster seller arranged immediately refund sent new bottle gel without charge said trust product seller,dependable seller,1394236800,3.494453205,n/a,n/a,n/a,n/a,2.654865755,n/a,3.055555556,n/a,n/a,n/a,n/a,3.30159057
478,Pet Supplies,8,5,FALSE,A2DJSBDMUCA83A,130045136X,power mune chicken flavor great product cat love solved problem could solve two year definitely easy give cat wonderful,mune chicken flavor really power,1368576000,3.735763949,n/a,n/a,1.861111111,4.355072464,n/a,n/a,3,n/a,n/a,n/a,n/a,2.990967471
479,Pet Supplies,9,5,FALSE,A2YPQ9TO5HXMLR,130045136X,power mune vet vitals good immune system really work good fixing immune system one chicken flavor power mune make tiger dog cat actually powerful,power mune vet vittals good immune system,1363564800,2.431375264,n/a,n/a,n/a,n/a,n/a,n/a,3.416666667,n/a,n/a,n/a,n/a,3.232886815
480,Pet Supplies,10,5,FALSE,A2IQK3CKJDCQPI,130045136X,cool product power mune chicken flavor give puppy self also good adult dog help control immune system nice packaging easy hassle purchase,power mune chicken flavor,1362873600,3.722337438,n/a,n/a,n/a,n/a,3.479956398,n/a,3.583333333,n/a,n/a,n/a,n/a,3.182179961
481,Pet Supplies,11,5,FALSE,A3TEN0CBR370YK,130045136X,natural risk free functional give cat need one else help hold cat easy buy need prescription doctor inexpensive wonderful gift pet lover,power mune vet vittals,1362873600,3.744632462,n/a,n/a,n/a,2.695469689,3.232805304,3.82826087,n/a,n/a,n/a,n/a,n/a,3.220823184
482,Pet Supplies,12,5,TRUE,A1HO0403XK0INV,1590150007,best treat canine pup hooked,great product,1436572800,3.079354069,n/a,n/a,n/a,n/a,n/a,n/a,n/a,n/a,n/a,n/a,n/a,2.240655369
483,Pet Supplies,13,4,TRUE,AY6ZK9G8GUOX1,1590150007,dog really like treat sort consistency tortilla chip nice crunchy side crumble fairly easily sprinkled crumb onto food go waste like healthy treat dog,healthy treat,1432512000,3.881450082,n/a,n/a,n/a,n/a,2.949159309,n/a,3.694444444,n/a,3.649391461,n/a,n/a,3.340824383
484,Pet Supplies,14,5,TRUE,A2PKI5D18F0YCB,1590150007,aaa,five star,1429401600,3.785643517,n/a,n/a,n/a,n/a,n/a,n/a,n/a,n/a,n/a,n/a,n/a,1.156621843
485,Pet Supplies,15,5,TRUE,A2LJ8A907PFLQ5,1590150007,great product,five star,1429228800,3.728987983,n/a,n/a,n/a,n/a,n/a,n/a,n/a,n/a,n/a,n/a,n/a,1.999404034
486,Pet Supplies,16,5,TRUE,A3JJNCW8UI5RIO,1590150007,excellent product dog love,five star,1427068800,3.747871414,n/a,n/a,n/a,n/a,n/a,n/a,3.083333333,n/a,n/a,n/a,n/a,1.916482789
487,Pet Supplies,17,5,TRUE,A2JSQTQD6LBR0W,1590150007,louie love,five star,1421884800,2.564417075,n/a,n/a,n/a,n/a,n/a,n/a,n/a,n/a,n/a,n/a,n/a,1.946678636
488,Pet Supplies,18,5,TRUE,A6OY6JCZ4LO0Q,1590150007,treat dog eat break size deserves best purchased group found also love berry one,best purchased group,1421712000,3.747871414,n/a,n/a,1.194444444,n/a,3.599039306,n/a,n/a,n/a,4.273698248,n/a,n/a,3.215367347
489,Pet Supplies,19,5,TRUE,A1L41GBUIZRFMX,1590150007,expensive pet love perfect kong,five star,1409702400,3.785643517,n/a,n/a,n/a,2.97587141,n/a,n/a,n/a,n/a,n/a,n/a,n/a,3.165283343
490,Prime Pantry,0,5,TRUE,A1NKJW0TNRVS7O,B0000DIWNZ,good clinging,cling well,1418515200,3.369015316,n/a,n/a,n/a,3.172269282,n/a,n/a,n/a,n/a,n/a,n/a,n/a,2.211768205
491,Prime Pantry,1,4,TRUE,A2L6X37E8TFTCC,B0000DIWNZ,fantastic buy good plastic wrap even though labeled cling plus feel another plastic wrap hold cling tighter still price roll size order product needed amazon prime food order,saran could use plus cling better,1416441600,3.747871414,n/a,n/a,1.916666667,2.953994527,n/a,n/a,n/a,n/a,3.452643869,n/a,n/a,3.361067058
492,Prime Pantry,2,4,TRUE,A2WPR4W6V48121,B0000DIWNZ,ok,four star,1412985600,2.353246914,n/a,n/a,n/a,n/a,n/a,n/a,n/a,n/a,n/a,n/a,n/a,1.948279847
493,Prime Pantry,3,3,FALSE,A27EE7X7L29UMU,B0000DIWNZ,saran cling plus kind like cling wrap glad good quality plastic wrap delivery system poorly executed make usage frustrating le convenience one core selling point sort product easy use important good wrap another user noted getting stuff box tearing portion need use difficult substantial force required due cutting system lacking result box damaged robust box also cause piece attempting tear fold pressure upon torn leaving tangled mess untangle blade great job cutting sometimes wrap tear leaving piece different size wanted physical location wrap come relative cut also result one hold awkward angle see making difficult use clear wrap multiple time day difference delivery system easy versus difficult mean lot time saving lot frustration occur good quality wrap like glad wrap delivery system lacking compared product kirkland clear wrap convenience factor reduced think find alternative clear wrap product better system dispensing cutting enjoyable use much convenient,wrap fantastic dispensing cutting packaging lackluster making saran le convenient,1409529600,2.431375264,2.655164767,2.485527575,1.666666667,3.158312235,3.213099433,n/a,n/a,n/a,n/a,n/a,n/a,3.378253341
494,Prime Pantry,4,4,TRUE,A1OWT4YZGB5GV9,B0000DIWNZ,go plastic wrap much bad say plastic wrap kind pain trying get roll stick seem problem cling plus come nice rip well usually stick well need say use wrap thing go container feel plastic wrap stick really well plastic glass bowl use sparingly purpose need wrap something child lunch plastic wrap would choose,job year,1407628800,3.735763949,n/a,n/a,2,3.342796334,3.035026697,n/a,n/a,n/a,n/a,n/a,n/a,3.222542192
495,Prime Pantry,5,5,TRUE,A1GN2ADKF1IE7K,B0000DIWNZ,work well cling glass baking dish well,like,1405296000,3.870916168,n/a,n/a,n/a,3.229032626,n/a,n/a,n/a,n/a,n/a,n/a,n/a,3.012520532
496,Prime Pantry,6,1,FALSE,A3SJKIHSPA2MDZ,B0000DIWNZ,find foot roll saran cling plus nearly impossible extract box pulling roll requires force break box tape box scotch packing tape tear somewhere else since wrap cling well fiddling box mean wrap fold making nearly impossible untangle since buy stuff save time poor packaging era advantage wax paper rubber band mom solution would fast lot cheaper glad stick well wrap much easier manipulate larger piece allowing cover food fast one reviewer note saran wrap stick well microwave nervous soft plastic adhering food microwave lot buzz chemical plastic leaching food safe container choice microwave prevent spattering put upside plate china paper food heated,box waste time,1398816000,3.881450082,n/a,n/a,n/a,2.787986783,2.544721346,n/a,n/a,n/a,n/a,3.351449275,n/a,3.368023828
497,Prime Pantry,7,5,TRUE,A2YXHRKCDBEJKX,B0000DIWNZ,like saran wrap better glad reason husband believe work better cling better melt fast microwave others price right delivered quick,good staple,1371600000,3.870916168,n/a,n/a,2.194444444,3.448742214,3.088835992,n/a,n/a,n/a,n/a,n/a,n/a,3.581795941
498,Prime Pantry,8,5,TRUE,A4NK3T8BCMJQ8,B0000DIWNZ,excellent product great sticking power expensive product claim easy handling simply le sticky want price buying bulk amazon prime hard beat,love,1368230400,3.148079215,n/a,n/a,2.694444444,4.408695652,3.883750448,n/a,n/a,n/a,n/a,n/a,n/a,4.110013381
499,Prime Pantry,9,1,TRUE,A3L82S0SJ6L279,B0000DIWNZ,product description impled pack would terrific value mnd paying shipping charge least seller purchased soap one pack sq size good value plus came gigantic boz could indeed contain individual product box contained one shame soap good amazon seller,pack,1338076800,2.32914354,n/a,n/a,n/a,2.544596479,n/a,n/a,n/a,n/a,n/a,3.31884058,n/a,3.151215882
500,Prime Pantry,10,5,FALSE,A39BRW3XU55852,B0001E1IN8,tried many hot sauce year ca remember coming across one find delectable sure still ask cholula tapatio eating primarily habit unlikelihood finding something better doubt wonderful sauce tangy kick li l guy put shame,could almost eat drink good,1403049600,4.800047277,n/a,n/a,1.916666667,n/a,n/a,n/a,n/a,n/a,3.547916126,n/a,n/a,3.313350292
501,Prime Pantry,11,5,FALSE,A3LKQTD5B9KB46,B0001E1IN8,used buy large quantity mexico would run thankfully find san diego far favorite hot sauce strong vinegar taste habanero love,favorite hot sauce,1394928000,3.81130811,n/a,n/a,n/a,n/a,n/a,n/a,n/a,n/a,4.143353273,n/a,n/a,3.316351251
502,Prime Pantry,12,5,TRUE,A14JN5JD0KK8K4,B0001E1IN8,product country club work keep ordering love hot flavor,country club,1394409600,3.81130811,n/a,n/a,n/a,n/a,n/a,3.840217391,n/a,n/a,4.113503142,n/a,n/a,3.344350409
503,Prime Pantry,13,5,TRUE,A3V7CWJ9O3B30V,B0001E1IN8,far best taste spicy hot sauce tried personally distant friend travel mexico bring stuff back case give friend good ran recently thankfully found amazon use sort pizza salad ranch course mexican fare spicy go fairly spicy ghost pepper spicy make frank red hot tabasco seem like water,spicy taste,1389052800,3.539086443,n/a,n/a,1.777777778,n/a,n/a,3.282298137,n/a,n/a,3.585728088,n/a,n/a,3.472392922
504,Prime Pantry,14,4,TRUE,A2Q1PMQXIS31E8,B0001E1IN8,good exactly remembered living texas getting still good buy though,good remembered,1377734400,2.32914354,n/a,n/a,1.194444444,n/a,n/a,n/a,n/a,n/a,n/a,n/a,n/a,2.444786566
505,Prime Pantry,15,4,FALSE,A2EMQ4ICW8M1U3,B0001E1IN8,hot sauce excellent flavor reviewer said hot gave three star missing point sauce like kick hot hot sake important combination spice flavor count really nice combination,excellent flavor,1372896000,3.241817136,n/a,n/a,n/a,n/a,n/a,n/a,n/a,n/a,3.48979147,n/a,n/a,3.310372727
506,Prime Pantry,16,5,FALSE,A11RPESISC4G4J,B0001E1IN8,hot sauce pretty good got thing spiciness bottle speaks hotness marie sharp hot sauce belize stuff par although marie sharp year ago thing reminds take tapatio mix stuff perfect,extremely good,1358035200,3.539086443,n/a,n/a,1.972222222,n/a,n/a,n/a,n/a,n/a,3.725762048,n/a,n/a,3.096898467
507,Prime Pantry,17,5,FALSE,ALIVNL8DUZ0B,B0001E1IN8,habaneros tasty people know habaneros usually pretty darn hot hot enough scare people away sauce wonderful flavor habaneros without heat still plenty heat enough many drop fresh bottle running around hooting like owl clean heat without unfortunate side effect come say hot pepper flake eating stuff year get local mercado better sauce humble opinion cheap high quality refrigerate opening keep flavor heat fresh,good stuff,1346284800,3.494453205,3.977225673,3.990338164,1.805555556,2.891573373,3.126515845,n/a,n/a,n/a,3.633270791,n/a,n/a,3.2109567
508,Prime Pantry,18,5,TRUE,A1CNMP3S345BPI,B0001E1IN8,favorite horrible vinegar taste hot sauce got decent kick say significantly hotter tabasco,excellent,1306022400,2.353246914,n/a,n/a,1.888888889,n/a,n/a,n/a,n/a,n/a,3.46880566,n/a,n/a,3.276143959
509,Prime Pantry,19,2,FALSE,A2D2SU3FC1WKKV,B0006L0UVM,fun drink try drink herb get tiring quickly everyday drink need juniper make winter time limited edition sipping drink bad immediate response want clean mouth fresh tasting lighter beverage half bottle,know want,1335052800,3.833792443,n/a,n/a,n/a,n/a,n/a,n/a,n/a,4.240993789,3.497888937,n/a,n/a,3.059509068
510,Software,0,4,TRUE,A240ORQ2LF9LUI,77613252,material arrived early excellent condition however money spent really come binder loose leaf,material great,1394496000,3.466335738,n/a,n/a,n/a,2.693230125,3.735343954,n/a,n/a,n/a,n/a,n/a,n/a,3.233777733
511,Software,1,4,TRUE,A1YCCU0YRLS0FE,77613252,really enjoying book worksheet make review goal make reminds human sexuality classwork,health,1393113600,4.800047277,n/a,n/a,n/a,n/a,n/a,n/a,3.888888889,n/a,n/a,n/a,n/a,3.177594131
512,Software,2,1,TRUE,A1BJHRQDYVAY2J,77613252,taking class waste money called book book isi even bound loose leaf provide binder turn buy access book mcgraw hill connect core book complete waste money,kiding,1392595200,3.539086443,n/a,n/a,2.777777778,2.026877306,2.539668572,n/a,n/a,n/a,n/a,n/a,n/a,3.271836455
513,Software,3,3,TRUE,APRDVZ6QBIQXT,77613252,book missing page important page could answer test question never happen,missing page,1392595200,3.744632462,n/a,n/a,n/a,2.54486615,n/a,n/a,n/a,n/a,n/a,n/a,n/a,3.335321548
514,Software,4,5,FALSE,A2JZTTBSLS1QXV,77775473,used learnsmart officially say amazing study tool quickly simply adapts style learning access anytime go start using learnsmart quickly realize best way learn study business student use learnsmart accounting class however use accounting ii class grade difference accounting accounting ii whole letter grade thanks learnsmart every college student definitely check,best study product,1381708800,2.903143652,n/a,n/a,n/a,n/a,3.518913097,n/a,3.833333333,n/a,n/a,n/a,n/a,3.095949107
515,Software,5,4,TRUE,A279VRO0YVM43V,321898354,title dvd introduction adobe premiere element exactly short introduction maybe nare already experienced operator older version program familiarize idiosynchrases newer version teach basic program nope need something much basic usually get pay,almost,1376352000,2.431375264,n/a,n/a,n/a,3.056173483,n/a,n/a,2.055555556,n/a,n/a,n/a,n/a,3.015013202
516,Software,6,5,TRUE,A1PVHCS99XNQIS,321898354,purchased premier element difficult well impossible use proficient adobe photoshop user way back photoshop new video nice handy wish dvd split chapter use dvd player working computer im still using reference need perform unusual task must premier element,must premier element,1373846400,3.735763949,n/a,n/a,1.25,n/a,2.946542276,n/a,3.861111111,n/a,n/a,n/a,n/a,3.129094451
517,Software,7,5,TRUE,AY5YUX0X4IH2T,321898354,experience adobe premiere element learn video answered lot question got good start using video editing program would definitely recommended,would definitely recommended,1365033600,3.645720101,n/a,n/a,n/a,n/a,n/a,n/a,3.861111111,n/a,n/a,n/a,n/a,3.377778559
518,Software,8,5,TRUE,A39WKHGS7VJ3YN,321898354,adobe premiere element difficult user reading manual give push needed start editing footage chad perkins voice learn video cd gave knowledge motivation needed start experimenting footage timeline example explanation clarified difficult problem experienced film editor probably need video people new film editing adobe program greatly benefit though actual creation short coherent movie multiple clip video teaching technique register picked difficult concept quickly chad perkins host intelligent personable knowledge subtle sense humor made many hour teaching fly fast however one viewing enough third viewing perhaps slow learner might need chad instruction sink better think person working real project real project plus chad insight good combination mastering premiere element,helpful video learning premiere element,1365033600,3.620742782,n/a,n/a,1.611111111,n/a,2.985864411,n/a,3.333333333,n/a,3.578660397,n/a,n/a,3.1861071
519,Software,9,5,TRUE,AY6XJYOFLOEOK,321898354,bought adobe premier element wanted learn edit footage able get new canon rebel figured whiz microsoft office excel word powerpoint etc could turn would easy pick learned whiz kind software made company mean anything go software made another company could get past turning everything different got worried figured needed help learn want spend money software already bought going worthless sure glad chose get first second dvd learned easier way add medium video audio picture learned studying adobe website hour watching seems simple narrator move quickly function work pause button dvd player got real workout dvd paused able try tip computer watched helpful recommend anyone new editing video really helped understand easy work software also much software end dvd learned thing even know could remember go quickly want try computer along watching dvd become pro pausing dvd player know work premier element full potential steven spielberg martin scorsese better watch soon turning better video anyone hollywood know video review would logical minute spare anxious get started making incredible video,ca wait try stuff learned dvd,1359763200,3.620742782,n/a,n/a,1.361111111,n/a,3.005483969,n/a,3.75,n/a,n/a,n/a,n/a,3.189923413
520,Software,10,5,TRUE,AFZ3EF0R24N79,321898354,get mechanic software succinctly augmented well book actually another star tip element,great,1357430400,2.903143652,n/a,n/a,n/a,3.009827026,n/a,n/a,n/a,n/a,n/a,n/a,n/a,3.187902993
521,Software,11,5,TRUE,A21B9FUDGNDAS4,321898354,using teach use premiere element made realized easy use recommend anyone wo sorry,wonderful tutorial,1357084800,3.785643517,n/a,n/a,n/a,n/a,3.243551044,n/a,3.833333333,n/a,n/a,n/a,n/a,3.238439621
522,Software,12,3,FALSE,A2R3CJCDNC1KO1,669524425,program earobics title clearly designed north american user shame activity work quite well however previous user mentioned still af glitch thankfully many problematic english v american accent difference frustrating kid leaf stranded level unable progress fireman sound game short vowel u sound almost identical english speaker uk australia nz sth africa etc sound different short u sound clearly pronounced short sound pronounced however nth amercian pronounciation short sound close come sounding somewhere instead sound like ok word recognition surrounding letter help sound interpretation however individual short vowel sound recognition quite hard confusing kid clearly different learn school english class similarly pengiun game sound syllable given word confusing kid spelling eg lemon instead sounded sounded chicken instead sounded sounded kitchen instead sounded sounded finally hippo find mismatched sound sequence game similar problem issue along kid getting stranded level unable progress time even adult well versed accent cant hear difference audio also quite clipped short make even difficult determine sound said summary matching game luck duck recognition game seem suffer issue beginner intermediate level fireman sound recognition game also good accent confusion arising advanced level game apart pronounciation issue penguin game work well probably frustrating one hippo game kid easily get stuck beginner task without progressing background noise make impossible hear subtle sound difference familiar accent speaker game repetitive nature become bit boring offer kind incentive get thru program school spring break getting thru beginner intermediate level within week except hippo considering abandonning higher level audio clearer frustrating,good watch accent,1318377600,3.369015316,n/a,1.770154394,n/a,n/a,2.412872346,n/a,n/a,n/a,2.243497642,n/a,n/a,2.962670015
523,Software,13,3,TRUE,A3NPBB3WX4IHXU,669524425,think need contact manufacturer game inventive hold year old attention one game one firefly seems glitch even correct sequence selected software indicates wrong frustrating son defeat whole purpose software,glitch,1297900800,3.7304913,n/a,1.307116977,n/a,n/a,1.906187933,3.160110421,n/a,n/a,3.973283361,n/a,n/a,3.093330044
524,Software,14,5,FALSE,A1DJFPLO6E5YGF,669524425,year old dyslexic son using program several month incredibly helpful reading writing hope find adolescent version continue finish one,dyslexia help,1234051200,3.747871414,n/a,n/a,n/a,n/a,n/a,n/a,3.75,n/a,n/a,n/a,n/a,3.158180642
525,Software,15,5,TRUE,A2WOL76S5MH0SS,739040286,crucial difference merely reading exercise transcription seeing played one try explain english throwing bowling ball done really see done understand try combined vol excellent two reason first garibaldi articulate insight explanation personable thorough second see relaxed david play music many drummer play tension think achieve energy necessary play style watch garibaldi learn play wonderful stuff nbsp david garibaldi tower groove vol,good see david play style,1185321600,2.353246914,1.118105737,n/a,1.166666667,n/a,3.381962821,n/a,n/a,n/a,2.837170903,n/a,n/a,3.376710643
526,Software,16,4,TRUE,ALX1AWND3NKBU,763851957,good learning aspect microsoft word,good book,1417996800,4.800047277,n/a,n/a,n/a,2.942428134,n/a,n/a,n/a,n/a,n/a,n/a,n/a,3.028801564
527,Software,17,5,FALSE,A2Y4PCGBIXV722,763851957,great book ton information,informative,1410825600,3.747871414,n/a,n/a,n/a,n/a,n/a,n/a,n/a,n/a,3.890696822,n/a,n/a,2.211881349
528,Software,18,5,TRUE,A15JRIO4M0QWSM,763851957,cd needed info provided online instructor,five star,1410825600,3.735763949,n/a,n/a,n/a,3.107784147,n/a,n/a,n/a,n/a,n/a,n/a,n/a,2.385445783
529,Software,19,5,TRUE,AX59WTIET7BXK,763851957,great,five star,1410393600,2.353246914,n/a,n/a,n/a,n/a,n/a,n/a,n/a,n/a,n/a,n/a,n/a,1.684197842
531,Sports and Outdoors,0,3,TRUE,A2SB0ZHI3VT3PQ,32034,kind long trim bit fit custom made tutu color spot,good,1414972800,3.881450082,4.927865613,1.807488151,n/a,n/a,n/a,n/a,n/a,n/a,4.473581941,n/a,n/a,2.044843947
532,Sports and Outdoors,1,4,TRUE,A3AUUWS11N56XA,32034,skirt color exact length fairly long really long either cut scissor another length desired see nothing boy short ca fix wearin black legging underneath anyway problem going princess halloween recommend one length right super poofy u tuck inward waist puff lot look great,color great perfect costume,1413244800,3.747871414,4.708695652,1.956078232,n/a,3.783542329,3.984908951,n/a,n/a,n/a,4.425128502,n/a,n/a,2.616578961
533,Sports and Outdoors,2,2,TRUE,A1RXQQ5MZVYVB9,32034,color picture darker gold bright yellow disappointed length longer expected,disappointed length,1405382400,2.564417075,n/a,n/a,n/a,n/a,1.287913487,n/a,n/a,n/a,1.180434783,n/a,n/a,2.801710895
534,Sports and Outdoors,3,5,FALSE,A3TBJ4L4RGPIGE,32034,described work perfect event going bright color soft tool purchase item seller,wonderful,1403136000,3.728987983,n/a,n/a,n/a,3.382255189,3.323883509,n/a,n/a,n/a,4.047390973,n/a,n/a,3.087009251
535,Sports and Outdoors,4,5,TRUE,A2MPIVS0KSY8O0,32034,purchased wore tutu portland coast relay race one size fit although cut inch long need soft scratchy,tutu,1378771200,2.32914354,4.933300395,1.81264253,n/a,2.682651725,4.147923465,n/a,n/a,n/a,3.304695593,n/a,n/a,3.071431459
536,Sports and Outdoors,5,1,TRUE,A1NTYIH44YZ8OD,32034,tutu really yellow gold color bought color rad ended find another long tutu aswell,,1376870400,3.494453205,n/a,n/a,n/a,2.462518422,1.146349701,n/a,n/a,n/a,1.124686837,n/a,n/a,3.1140589
537,Sports and Outdoors,6,5,TRUE,A180LQZBUWVOLF,32034,spectacular tutu slimming,five star,1433289600,2.32914354,4.005434783,n/a,n/a,n/a,n/a,n/a,n/a,n/a,3.148001208,n/a,n/a,2.814072036
538,Sports and Outdoors,7,1,TRUE,ATMFGKU5SVEYY,32034,heck tutu nun know cut still also several layer tutu making poof lay flat needle say returned,tutu nun,1427846400,2.903143652,n/a,n/a,n/a,2.361980934,1.57419662,n/a,n/a,n/a,1.726569256,n/a,n/a,3.567179291
539,Sports and Outdoors,8,5,TRUE,AIYK5O547XFLK,32034,loved glad came long could cut exact length wanted,five star,1427155200,3.645720101,n/a,n/a,n/a,3.329861383,n/a,n/a,n/a,n/a,4.657041511,n/a,n/a,2.057164542
540,Sports and Outdoors,9,4,TRUE,A7FBZDWZ2T5ZC,32034,perfect price point three layer tulle definitely wear spandex short underneath great costume purpose considering buck fast shipping easy work company,perfect price point,1426723200,4.360525057,n/a,n/a,n/a,4.72826087,3.970833148,n/a,n/a,n/a,n/a,n/a,n/a,3.674418256
541,Sports and Outdoors,10,5,TRUE,A1QE70QBJ8U6ZG,32034,exactly looking,five star,1421107200,3.620742782,n/a,n/a,n/a,n/a,n/a,n/a,n/a,n/a,n/a,n/a,n/a,1.015978957
542,Sports and Outdoors,11,3,TRUE,A2MAW11Z8FA6MQ,32034,thinner desired,three star,1420243200,3.645720101,n/a,n/a,n/a,n/a,n/a,n/a,n/a,n/a,n/a,n/a,n/a,2.150440498
543,Sports and Outdoors,12,5,TRUE,A22CP6Z73MZTYU,32034,used skirt halloween costume glued bunch feather exactly needed liked elastic waist dig muffin top two thing note though little long cut inch really easy ii unlined get pair yellow short wear underneath planned,liked elastic waist dig muffin,1419292800,2.431375264,4.934782609,1.851267616,n/a,2.911843531,3.716640914,n/a,n/a,4.264673913,4.012210887,n/a,n/a,2.892165482
544,Sports and Outdoors,13,4,TRUE,A22L28G8NRNLLN,32034,thick enough ca see long sure check dimension ended cutting shorter,thick enough ca see,1418601600,2.431375264,4.654677207,1.813012763,n/a,2.956351033,3.931947567,n/a,n/a,n/a,4.142750526,n/a,n/a,2.604356753
545,Sports and Outdoors,14,5,TRUE,A3M8U6SOYH0SHE,32034,fit expected daughter worked well,five star,1417478400,4.800047277,3.993478261,1.812123009,n/a,3.402984714,4.024298263,n/a,n/a,n/a,n/a,n/a,n/a,1.525187979
546,Sports and Outdoors,15,4,FALSE,A1D8GHYJML9OAF,32034,exactly needed another costume liked tutu easily trimmed,liked tutu easily trimmed,1415059200,3.81130811,n/a,n/a,n/a,3.186527151,n/a,n/a,n/a,n/a,n/a,n/a,n/a,2.637828017
547,Sports and Outdoors,16,5,TRUE,A23BZZAIRIDL7U,1604180250,great game year old love parent former teacher also love fun educational great gift,love sight word bingo,1396051200,3.539086443,3.925652174,2.767028986,n/a,n/a,4.368660515,5,n/a,4.612836439,n/a,n/a,n/a,3.105059012
548,Sports and Outdoors,17,4,TRUE,A1E2DL6DASUWRB,1604180250,played grandaughter kindergarden word easy help younger grandaughter tunr,sight word game,1394928000,3.881450082,3.975652174,1.616606437,n/a,2.639710923,3.017760331,n/a,n/a,3.740786749,n/a,n/a,n/a,3.231469154
549,Sports and Outdoors,18,1,TRUE,A33VL6TZELGMJC,1604180250,looking game play son practice sight word would great class looking,great class,1394582400,3.123032821,n/a,n/a,n/a,n/a,n/a,n/a,n/a,n/a,n/a,n/a,n/a,3.224933846
550,Sports and Outdoors,19,5,TRUE,A2ODDK4X6GA17O,1604180250,excellent product helping student learn sight word great literacy teacher parent home schoolers special education class,super,1388620800,3.747871414,n/a,n/a,n/a,4.672101449,4.570883461,n/a,n/a,n/a,n/a,n/a,n/a,3.240075883
551,Tools and Home Improvement,0,3,TRUE,A11F6V4DD7WND4,972970169,received book lightwedge used yet give rating,book lightwedge,1199664000,3.645720101,2.895644243,1.626120161,n/a,n/a,n/a,n/a,n/a,n/a,n/a,n/a,n/a,3.195203964
552,Tools and Home Improvement,1,5,FALSE,AXPZYN4FP89L9,972970169,still read book without disturbing sleep mine,twin bedroom,1173312000,2.431375264,n/a,n/a,n/a,n/a,n/a,n/a,n/a,n/a,n/a,n/a,n/a,3.069941116
553,Tools and Home Improvement,2,4,FALSE,AOCT8ZWCRWLRE,972970169,read bed every night tried almost every kind book light one clip onto book hang around neck clip headboard definitely one better one need fresh set battery get good even light understandable put light right page need difficult light nice double bookmark caveat pretty much hold book hand,great little light,1167782400,3.881450082,2.092758741,2.765867148,3,3.416230685,3.260246506,n/a,n/a,n/a,n/a,n/a,n/a,4.988705949
554,Tools and Home Improvement,3,4,FALSE,A1UUD54HPAQZ2G,972970169,little light saved marriage wife awakens slightest light hand need read bed relax fall asleep lightwedge allows read bed without waking wife nit completely fresh battery get enough light,saved marriage,1150761600,3.785643517,2.352057286,1.845844642,n/a,3.792323647,3.058490807,n/a,5,n/a,n/a,n/a,n/a,3.204634669
555,Tools and Home Improvement,4,4,FALSE,A2YHHBBJVTVD79,972970169,first paperback lightwedge purchased barnes noble present tried worked great light illuminated whole page evenly therefore decided get another one second lightwedge though appears product one purchased earlier shine uniformly glass sends two streak light bulb area overlap middle edge glass dimmer would seen first lightwedge think would disappointed one still better awkward clip ons le annoying around one,almost best book light,1105228800,2.903143652,1.948719484,2.086928233,1.888888889,2.597782552,3.210450976,n/a,n/a,n/a,n/a,n/a,n/a,3.874044413
556,Tools and Home Improvement,5,5,TRUE,A1YQEGK35C8OAJ,1590651669,industry standard color use often art business good tool recommend anyone us color work,pantone color chart,1323475200,3.539086443,2.189714694,2.966195724,2.527777778,3.724917708,n/a,n/a,n/a,n/a,n/a,n/a,n/a,3.185756646
557,Tools and Home Improvement,6,3,TRUE,AFPNJ8J6IDJEC,1590651669,others stated card stock flimsy would expect better quality amount want however found amazon best price,flimsy card stock,1317168000,3.747871414,1.058966892,n/a,n/a,3.347549484,2.405442097,n/a,n/a,n/a,n/a,n/a,n/a,3.055034579
558,Tools and Home Improvement,7,4,TRUE,A37NAMCJJBC4B7,1590651669,designer quite get numbering system never taken time try understand always bit mystery visual people go color matter marking swatch find easily matching trying choose right one love color consistency possible formula,pantone plus,1316131200,3.620742782,n/a,n/a,1.972222222,3.002536092,n/a,n/a,n/a,n/a,4.5101209,n/a,n/a,3.011593501
559,Tools and Home Improvement,8,3,TRUE,A2JSY5C9FSIMAE,1590651669,others said stock much thin use working environment easily torn easily destroyed finding color also slow frustrating important attribute color book appear accurate might conclude something better nothing disappointed yet loss alternative solution,guide printed painfully thin stock,1314835200,3.881450082,2.342804368,2.341482785,n/a,2.433656492,2.162396819,n/a,n/a,n/a,n/a,n/a,n/a,3.182706501
560,Tools and Home Improvement,9,4,TRUE,A3P2W8L5CKOUUK,1590651669,set pantone flip book much say really would liked seen slightly heavier stock still color accurate,good deal,1309824000,2.32914354,n/a,n/a,n/a,3.579131365,2.637866396,n/a,n/a,n/a,n/a,n/a,n/a,3.12795643
561,Tools and Home Improvement,10,5,TRUE,AEFGX26U89F1R,1590651669,good pantone set starting graphic design business may look getting subsequent pantone set including pastel metallic etc,good graphic designer,1306713600,2.903143652,n/a,n/a,1.416666667,n/a,3.712640444,n/a,n/a,n/a,n/a,n/a,n/a,2.44625662
562,Tools and Home Improvement,11,2,TRUE,AH1QXUMZQB4RK,1590651669,disappointing especially fact still pay much pantone book paper thin terrible tempted return except need sure thicker paper pantone book available doubt stuck thin afraid going rip looking color also number order used order color number take forever looking specific color using pantone book year excited able get new one say truly disappointed,stock thin,1305590400,3.539086443,2.967137397,3.909297948,n/a,2.141488136,1.345455387,n/a,n/a,n/a,1.00931677,n/a,n/a,2.882655152
563,Tools and Home Improvement,12,4,TRUE,A2YIJ26I97ZC2Z,1590651669,lot people like new chromatically organized color find definitely help choosing color slows little looking specific color number index back help look color tell page look add little time finding color need much complaint paper thin feel like going rip paper ever time use book know break scotch tape near future,need thicker paper,1302825600,3.870916168,2.811857852,2.41050624,n/a,3.172037233,2.414427208,n/a,n/a,n/a,n/a,n/a,n/a,3.328870977
564,Tools and Home Improvement,13,5,TRUE,AA8AAR8D92GPO,1590651669,say product pantone reference world color system plus series even better,perfect,1302393600,2.903143652,n/a,n/a,n/a,n/a,n/a,n/a,n/a,n/a,n/a,n/a,n/a,1.907410811
565,Tools and Home Improvement,14,4,TRUE,A25LRVNXQVTQ0O,1590651669,almost gave star disappointed stock guide printed much extra would go heavier stock easy crease packaging good posted closeup anyone interested chromatic reordering flash used,stock way thin,1281484800,3.408773727,n/a,n/a,n/a,1.962992775,1.14842435,n/a,n/a,n/a,n/a,n/a,n/a,2.710752887
566,Tools and Home Improvement,15,5,TRUE,A1D1D8OKVT3TRG,1590651669,usefull material work easy carry easy use especifications great color perfect size,usefull,1385337600,4.900362319,n/a,n/a,n/a,4.419202899,n/a,n/a,n/a,n/a,n/a,n/a,n/a,3.277446846
567,Tools and Home Improvement,16,3,TRUE,AX6JIXAKQDXYW,1590651669,printed flimsier stock last set layout feel right intuitive either colour stacked strange way however pantone card designer need least expensive set found,good previous year,1353369600,3.136534986,1.806472869,1.879110707,2.944444444,3.143674112,2.425268035,n/a,n/a,n/a,n/a,n/a,n/a,5
568,Tools and Home Improvement,17,1,TRUE,AZCQUFS7TO5W6,1590651669,seller providing promised description item description state come color correction tool seller say go pantone wwww download url provide work ask correct url tell search request refund send back product never hear back terrible customer service match description,product match description,1343260800,4.057375303,n/a,n/a,n/a,n/a,n/a,n/a,n/a,n/a,n/a,n/a,n/a,1.146953451
569,Tools and Home Improvement,18,1,FALSE,A3CM2O189I9XH7,1590651669,creative artist garment decoration business pantone book shame pantone pay lot money guide latest book made cheap flimsy paper fold bend tear easily color numerical order may fine trying eyeball tonal value art student frustrating professional need look certain pm number quickly without lot hassle like trying find needle haystack know provided index color number back book index really able go right color look index noticed longer customer review available website guessing hundred hundred negative review read still site please pantone go back thick stock paper pm color numerical order poor soul reading review well stuck sell contacted pantone sell older version book good luck,disapointed pm formula guide,1340582400,2.99771354,n/a,n/a,1.805555556,2.419600325,2.707563717,n/a,n/a,n/a,n/a,n/a,n/a,2.419786793
570,Tools and Home Improvement,19,3,TRUE,A1G9Q6JMOOL4Y5,1590651669,product speaks good necessary work though paper thin read could believe got mine color still great,good,1338768000,3.231658505,n/a,1.268201918,n/a,4.15615942,3.060287372,n/a,n/a,n/a,n/a,n/a,n/a,3.064777054
575,Toys and Games,0,2,FALSE,A1IDMI31WEANAF,20232233,come dm screen space screen absolute premium fact space wasted art terribly informative needed art well make completely useless reason gave star technically speaking least still stand block note dice roll drop ball completely,fact space wasted art terribly informative needed art,1474502400,3.225999984,4.893478261,2.541435179,n/a,2.526343832,3.15990824,n/a,n/a,n/a,2.331097911,n/a,n/a,3.412288688
576,Toys and Games,1,1,FALSE,A4BCEVVZ4Y3V3,20232233,open letter unpainted miniature bad spell card great board game meh dm screen however freaking terrible still waiting single screen polluted pointless artwork useful table created single use screen useful running storm king thunder adventure even despite fact geared adventure path usefulness negligible best massive swath inner panel wasted artwork bloated overland map could easily reduced single panel size table short stop making crap dm screen,another worthless dungeon master screen,1474156800,3.655440587,4.635507246,2.70625186,n/a,3.465686477,3.574912265,n/a,n/a,n/a,3.623512769,n/a,n/a,3.222725557
577,Toys and Games,2,3,TRUE,A2EZ9PY1IHHBX0,20232233,nice art nice printing two panel filled general forgotten realm map beyond one blue ocean waste understand ca make dm screen useful kind adventure rather solely specific adventure supposed able transpose adventure land outside forgotten realm even list new monster npc would least useful map even would stuff related running game stuff related giant thing curse strahd make useful raven loft undead horror campaign general instead huge amount screen space solely mapping castle ravenloft useful small fraction time even curse strahd adventure let alone various ravenloft adventuring really kill extended use screen thinking potential use adventure question well use broader sense rage demon screen far useful broad dark adventuring covering lot rule various condition may suffer map one panel storm giant one decent table includes really miss mark maybe ask dm would use,pretty also pretty useless,1473638400,2.688524465,4.452587992,1.97645759,n/a,2.662467566,4.209976111,n/a,n/a,n/a,n/a,n/a,n/a,3.240278543
578,Toys and Games,3,5,TRUE,A139PXTTC2LGHZ,20232233,amazing buy bought gift new dm perfect,five star,1488412800,2.99602436,n/a,n/a,n/a,n/a,n/a,n/a,n/a,n/a,n/a,n/a,n/a,3.199715321
579,Toys and Games,4,1,TRUE,A3IB33V29XIL8O,20232233,review previous screen completely unnecessary nearly useless skip definition waste money,money trap,1486512000,2.869256117,4.7,1.62635189,n/a,2.49325402,4.012763502,n/a,n/a,n/a,n/a,n/a,n/a,3.465949939
580,Toys and Games,5,5,TRUE,A1J86V48S4KRJE,20232233,grandson love,five star,1485475200,3.116996376,n/a,n/a,n/a,n/a,n/a,n/a,n/a,n/a,n/a,n/a,n/a,1.042928914
581,Toys and Games,6,5,FALSE,A14J12PRBLGHF4,20232233,bought many gm screen year one best ever seen relevant information need crap filler happy screen,best gm screen ever,1483315200,2.687398511,4.95,3.124585921,1.916666667,4.339364214,4.274908659,n/a,n/a,n/a,n/a,n/a,n/a,3.254458374
582,Toys and Games,7,5,TRUE,A2UKOWP9ICU416,20232233,came perfect condition,five star,1481932800,3.085792684,n/a,n/a,n/a,n/a,4.239470752,n/a,n/a,n/a,n/a,n/a,n/a,2.857427879
583,Toys and Games,8,4,FALSE,A2ONKKDETRWT79,20232233,could better still great love thing dm side screen actually like map middle make easy reference whats around given time,great could even better,1481760000,4.80615942,4.025776398,2.244561732,n/a,4.50942029,4.231957945,n/a,n/a,n/a,n/a,n/a,n/a,3.109804939
584,Toys and Games,9,3,TRUE,AK9GN9KZZNTEP,20232233,review mirror others kind miss mark lost opportunity help dm would advise new dm use stick generic dm screen useful information skt like information put screen relevant game make accessible frequently visited table adventure book also like map perspective contains page reference city location pretty useful especially ch adventure however large amount wasted space could easily utilized instead whole map take panel screen middle ocean could contained info giant hierarchy giant rune symbol random encounter sea table dmg trap table number usefully applicable information story would done away sea portion map completely used space efficiently actuality entire map could extra insert freeing far space making product far appealing adventure book could included tear better collaboration product different note printing copy screen sized correctly left right crease right edge word especially right side almost illegible screen general position gaming table see attached pic understand idea desire produce tailored dm screen adventure book feel truly taken time get feedback idea enough source printing coming across licensed money grab instead value add product adventure line,another missed opportunity value add product line,1481241600,4.872396715,4.888095238,1.91003935,n/a,2.259211294,2.646920015,n/a,n/a,3.58738158,n/a,n/a,n/a,3.042649217
585,Toys and Games,10,5,TRUE,A26HO01PDWN6O5,20232233,work well,five star,1481068800,3.456022821,4,1.766754916,n/a,n/a,4.612624914,n/a,n/a,n/a,n/a,n/a,n/a,1.99165793
586,Toys and Games,11,5,TRUE,A8PF4X87CS3ZZ,20232233,ca wait use,love map,1478304000,3.258062565,n/a,n/a,n/a,n/a,n/a,n/a,n/a,n/a,n/a,n/a,n/a,3.162132313
587,Toys and Games,12,5,FALSE,A28QGCUNS22JPH,20232233,campaign specific dm screen meant work storm king thunder adventure general use screen reason giving star every named place map also page number location entry tskt feature saved time adventure league play al dm tell precious every minute standard hour format,general dm screen,1478217600,3.064860229,4.021583851,2.137242976,n/a,3.602703342,3.839444985,n/a,n/a,n/a,n/a,n/a,n/a,3.496355203
588,Toys and Games,13,1,FALSE,A1X9QQFMPGDW70,486402029,know well work miracle expensive quantity opened thought forgotten send tatoos make ultimate skimpy product,bother,1190332800,3.335508922,n/a,n/a,n/a,2.571373959,3.290894508,n/a,n/a,n/a,n/a,n/a,n/a,4.457640676
589,Toys and Games,14,1,FALSE,A1NTAPB1XPB6KK,486402029,cute tatoos love pirate however retail price amazon price double never paid retail price item amazon shocked handful tatoos would mind charge item sell anywhere else criminal find local drugstore save,worst value ever seen,1168905600,3.404024975,n/a,n/a,1.861111111,1.915221509,n/a,n/a,n/a,n/a,4.062424819,n/a,n/a,3.129165229
590,Toys and Games,15,2,TRUE,A34S86H4OJGGVR,486402029,year old son liked th tattos think could supplied think something akin total skull cross bone flag would nice tattoo seem transfer well last longer le temporary tattoo,enough product,1168560000,3.334307342,4.956521739,4.976449275,1.138888889,2.560668697,2.915333616,n/a,n/a,n/a,n/a,n/a,n/a,3.07777817
591,Toys and Games,16,4,FALSE,A2SGKF4BT5NWYO,486402029,tatoos one week gone could better share brother friend alternative buy like kid get upset gone quick also one bath gone last enough like tatoos day,good product,1168387200,2.692333972,4.97826087,4.66247412,1.388888889,2.115727277,2.487622768,n/a,n/a,n/a,n/a,n/a,n/a,3.216848706
592,Toys and Games,17,5,TRUE,AVPT4Q2E2PK9O,486402029,buy gift young kid obsessed pirate however never actually time tattoo tattoo reminded favorite cracker jack prize,temporary tattoo good gift,1162512000,3.393598445,n/a,n/a,n/a,n/a,n/a,n/a,n/a,n/a,n/a,n/a,n/a,1.850728137
593,Toys and Games,18,5,FALSE,A17AF3GZQEKMYC,486402029,young son thrilled tattoo like real pirate easy use remove great find,huge hit,1127174400,3.111904883,5,4.991847826,n/a,4.8126294,4.113148134,n/a,n/a,4.658333333,n/a,n/a,n/a,3.535146469
594,Toys and Games,19,3,TRUE,A3T8MS4V4EXMOJ,545325234,got birthday present within week head fell handle hammer glued back place rubber cement one peg hole longer hold peg place plastic part help hold peg broken shifted know fix,hold well,1368144000,3.956503763,4.97826087,1.903861101,n/a,n/a,n/a,n/a,n/a,n/a,n/a,n/a,n/a,2.912638665
596,Video Games,0,5,FALSE,A339QGLOYAP86Z,700026398,game amazing period created review counter bad review given game others,hater gon na hate,1371686400,3.057177695,n/a,n/a,n/a,n/a,n/a,n/a,n/a,n/a,n/a,n/a,n/a,1.324059595
597,Video Games,1,1,TRUE,A1NQ759X8WPIVV,700026398,sure would love game could play loved hitman game thus far one star due steam steam absolutely beyond annoying help ask found purchased window xp support direct high end video card make difference recommend one purchase game item require steam perhaps fix problem go business favorite option good computer built mine problem always steam issue,requires steam,1368835200,2.808030699,n/a,n/a,n/a,n/a,n/a,n/a,n/a,n/a,n/a,n/a,n/a,2.255964835
598,Video Games,2,5,FALSE,A7VG63X51IK1T,700026398,got sale amazon game totally worth money graphic great gameplay great story pretty good would recommend friend,best buy month,1362096000,3.597315862,5,1.850500119,n/a,4.700966184,3.917682881,n/a,n/a,4.569047619,4.34691421,n/a,n/a,3.104383281
599,Video Games,3,1,FALSE,APFCXOFX0KUPN,700026398,update june deeply disappointed lack environment restrictive qte gameplay kill game loath enforced qte mission go awry trying escape hail bullet happen brush past assailant ca escape qte mode meanwhile shot side lack sense freedom blood money take whole gaming experience placing instead interactive movie loyal fan hitman franchise waited year would loved added driving game order rival saint row gta series etc add took away game instance kept blood money beautiful set map location would loved hitman open skyrim overall dishonored gameplay far superior hitman style gaming experience wish bioshock infinite breathtaking visuals particular game wow year waiting still huge fan blood money fact play online free huge plus play watch ad mute get sufficient time play level complain took long produce bad cousin metal gear solid intuition stop stop stop please let use intuition game constantly talking like idiot serf kill sense atmosphere tension suspense want know bad game use cut scene final kill thus killing sense pay ca even skip intro level hello cult game lot people know play need hand holding mandatory graphic little improvement blood money definitely let compared current generation game le feel version also quite tied string walk level sub par compared freedom predecessor imho shame shame good embark career video game design give confidence might something better bring table,skip,1357776000,3.193942666,4.97826087,2.568381799,1.527777778,1.971853789,1.348122653,1,n/a,1.076086957,1.020380435,n/a,n/a,3.320415798
600,Video Games,4,4,FALSE,A2GPRA9HHLOC4B,700026398,open pro replayability hitman expect go back replay mission try cleaner quicker kill fly right weekend like length game listen review xbox official magazine saying lengthy game finished one weekend friday night sat sunday would estimate around hour solid play go back replay mission better score drag much like said play complete task long game story bad plot hole made scratch head bad overall graphic better old hitman game nothing like cut scene confuse cut scene trailer gameplay character dev although give little info specific target seem worth effort look deeper back story went forth killing spree point direction go option ever take person custody question kill anyone pointed hand hand kept simple space bar q w e control hit told hit key hard hand hand awesome like batman pretty good con omg people cut scene talk teeth showing really got annoying never life met person talk like also timing voice acting bad serious delay dialogue thinking conversation started voice acting bad developer poor job clipping graphic regard clipping would sometimes get blocked phantom wall sneaking step walk back forth let pas also would say key point right front blinking sonar circle nothing desk nothing pick floating air developer issue minor spoiler read ca take hint sheer ease killing professional hitman let could believe easy kill hired professional professional edition waste money got weapon ca even use game give loadout begining weapon around map based part game point access additional weapon sniper challenge one challenge beat hand never took new challenge let challenge good game discounted price lower waste pro edition,great game design flaw,1356480000,4.80615942,4.97826087,2.025636539,n/a,2.180809621,2.579575186,n/a,2.111111111,2.010155907,2.107213978,n/a,n/a,2.188651311
601,Video Games,5,4,TRUE,A2RGUDIF7VB7JZ,700026398,good game,four star,1422662400,3.456022821,n/a,n/a,n/a,n/a,n/a,n/a,n/a,n/a,n/a,n/a,n/a,1.495008371
602,Video Games,6,4,TRUE,A2FTI5YE727I78,700026398,installment introduces unusual element series mainly instinct gauge let look wall avoid raising suspicion sort miss older approach keeping distance hiding face trick plus refill said gauge disabling killing enemy able use run visuals vastly improved blood money course appreciate allowing play gamepad criticized fact game much story may biased even play like motivation pursue course action feel story took anything away gameplay,like motivation pursue course,1407801600,3.193942666,4.590786749,2.905997064,1.416666667,2.424752791,2.935262841,n/a,n/a,3.838768116,1.287514743,n/a,n/a,3.019456352
603,Video Games,7,5,FALSE,A3998KVEZV9CW5,700026398,love game came promptly good condition thank,love game came promptly good condition thank,1407456000,3.085792684,n/a,n/a,n/a,n/a,3.909744978,n/a,n/a,n/a,n/a,n/a,n/a,3.146348742
604,Video Games,8,4,FALSE,A37AO20OXS51QA,700026398,exactly like previous hitman game still true enough series fun right good game great worth sale price score graphic like squeenix game amazing tomb raider hitman absolution deus ex sleeping dog nail hard played ultra beast tax asus even tomb raider think look better maybe optimized well regardless stunning bit linear linear way platformer anything still multiple way solve objective already said next one true form update already beautiful engine make open world bam perfect hitman,pretty solid game worth sale price,1404172800,3.193942666,4.587681159,2.065724484,n/a,2.859999773,3.027234523,n/a,n/a,4.217080745,2.256190603,n/a,n/a,3.157861058
605,Video Games,9,5,TRUE,A2MF7S0MGOZ7OC,700026398,game play many different way well done thank wes,hitman absolution,1392768000,2.563872272,4.92173913,1.764772047,n/a,2.628195093,3.213527759,n/a,n/a,4.50326087,n/a,n/a,n/a,2.883333616
606,Video Games,10,5,TRUE,A210VTHGXIJFQ6,700026398,interesting story good graphic feel good gameplay mechanic lot variety freedom complete mission way choose,stylish interesting stealth shooter,1392681600,2.99771354,5,1.74451677,n/a,2.879860881,3.500700482,n/a,n/a,3.924482402,3.851453455,n/a,n/a,3.14479258
607,Video Games,11,4,TRUE,A4D7NRLCQDW72,700026398,fun game quite good previous series still worth discounted price single player play,enjoyed,1390262400,3.116996376,4.983695652,1.81012381,n/a,2.91463349,3.036860344,n/a,n/a,4.255848861,n/a,n/a,n/a,3.049184241
608,Video Games,12,2,TRUE,A2IPY9UTB8JEU5,700026398,game requires open online account play game constant online source required gave game away,requires constant online access loader,1380240000,2.839081251,n/a,n/a,n/a,1.72753346,n/a,n/a,n/a,n/a,n/a,n/a,n/a,2.785525186
609,Video Games,13,5,TRUE,A2ICCE41Z2LWZ5,700026398,love game gooooooooood hitman absolution must play love hitman series,love game,1378252800,3.956503763,4.98136646,1.88494576,n/a,n/a,4.280863624,n/a,n/a,4.477898551,n/a,n/a,n/a,3.021029068
610,Video Games,14,4,TRUE,A1DQYK20U6BP0V,700026398,game fun want person said feel like hitman game looking worthy successor blood money would recommend looking addicting splinter shooter stealth element lot gore cool gun great graphic give game try wo disappointed,great game,1372204800,3.956503763,4.986956522,2.046878353,1.222222222,3.261788617,4.241882566,n/a,n/a,4.59389234,2.959347278,n/a,n/a,2.761024934
611,Video Games,15,5,TRUE,A2VZZOJU97NFUJ,3828770193,loved game much bought year old father nintendo d game introduced photo frenzy addicted love,cant get enough,1265760000,2.839081251,3.104559176,3.424327122,n/a,n/a,n/a,n/a,n/a,n/a,n/a,n/a,n/a,2.687086346
612,Video Games,16,5,FALSE,A3LVQW0AOLB87V,3828770193,fun game like photo hunt type game easy level still hard addictive hard put replay value awesome game zone kid fun new dsi hard finding game fun play adult last hour good find even better price,hard mindless game adult,1262736000,3.16139827,2.85036558,1.729406792,n/a,n/a,n/a,n/a,n/a,4.054399586,n/a,n/a,n/a,2.751767799
613,Video Games,17,5,TRUE,A835UVXZ9QMPN,3828770193,like game keep going start thinking know difference give scene played need take minute break game make eye get blurry fun play,fun game play keep mind alert,1261440000,3.225999984,3.325690809,2.111924052,1.194444444,n/a,n/a,n/a,n/a,n/a,n/a,n/a,n/a,1.316450024
614,Video Games,18,3,TRUE,AGKHQA6OATS1E,3828770193,game way easy adult kid great wish made one adult though difficulty level,eh kid,1304294400,3.080635773,2.771969104,n/a,n/a,4.659299517,n/a,n/a,n/a,4.627380952,n/a,n/a,n/a,2.75782216
615,Video Games,19,4,TRUE,A22NJSAGGE9VNQ,3828770193,find difference two photo game like sort game like fun play thing like every pas round solve puzzle remember cheap puzzle toy kid slide around block make picture block frame never liked puzzle even kid bonus feature give game star,expect,1299369600,1.546587883,3.969202899,1.794357694,n/a,2.744874431,3.232520621,n/a,n/a,n/a,n/a,n/a,n/a,2.993078579
